-- MySQL dump 10.13  Distrib 9.6.0, for macos26.4 (arm64)
--
-- Host: localhost    Database: hris_saas
-- ------------------------------------------------------
-- Server version	9.6.0

/*!40101 SET @OLD_CHARACTER_SET_CLIENT=@@CHARACTER_SET_CLIENT */;
/*!40101 SET @OLD_CHARACTER_SET_RESULTS=@@CHARACTER_SET_RESULTS */;
/*!40101 SET @OLD_COLLATION_CONNECTION=@@COLLATION_CONNECTION */;
/*!50503 SET NAMES utf8mb4 */;
/*!40103 SET @OLD_TIME_ZONE=@@TIME_ZONE */;
/*!40103 SET TIME_ZONE='+00:00' */;
/*!40014 SET @OLD_UNIQUE_CHECKS=@@UNIQUE_CHECKS, UNIQUE_CHECKS=0 */;
/*!40014 SET @OLD_FOREIGN_KEY_CHECKS=@@FOREIGN_KEY_CHECKS, FOREIGN_KEY_CHECKS=0 */;
/*!40101 SET @OLD_SQL_MODE=@@SQL_MODE, SQL_MODE='NO_AUTO_VALUE_ON_ZERO' */;
/*!40111 SET @OLD_SQL_NOTES=@@SQL_NOTES, SQL_NOTES=0 */;
SET @MYSQLDUMP_TEMP_LOG_BIN = @@SESSION.SQL_LOG_BIN;
SET @@SESSION.SQL_LOG_BIN= 0;

--
-- GTID state at the beginning of the backup 
--

SET @@GLOBAL.GTID_PURGED=/*!80000 '+'*/ '398e9e1e-67df-11f1-bd8d-0d7009de3d98:1-1425';

--
-- Table structure for table `attachments`
--

DROP TABLE IF EXISTS `attachments`;
/*!40101 SET @saved_cs_client     = @@character_set_client */;
/*!50503 SET character_set_client = utf8mb4 */;
CREATE TABLE `attachments` (
  `id` varchar(36) NOT NULL,
  `tenant_id` varchar(36) NOT NULL,
  `entity_type` varchar(50) NOT NULL,
  `entity_id` varchar(36) NOT NULL,
  `stored_name` varchar(255) NOT NULL,
  `original_name` varchar(255) NOT NULL,
  `mime_type` varchar(100) DEFAULT NULL,
  `file_size` bigint DEFAULT '0',
  `created_at` timestamp NULL DEFAULT CURRENT_TIMESTAMP,
  PRIMARY KEY (`id`),
  KEY `tenant_id` (`tenant_id`),
  CONSTRAINT `attachments_ibfk_1` FOREIGN KEY (`tenant_id`) REFERENCES `tenants` (`id`)
) ENGINE=InnoDB DEFAULT CHARSET=utf8mb4 COLLATE=utf8mb4_0900_ai_ci;
/*!40101 SET character_set_client = @saved_cs_client */;

--
-- Dumping data for table `attachments`
--

LOCK TABLES `attachments` WRITE;
/*!40000 ALTER TABLE `attachments` DISABLE KEYS */;
INSERT INTO `attachments` VALUES ('01920308-ceb6-4ed4-bc62-c360ff644ebb','11af653f-2496-4f22-b3d9-c4955399a1b2','invoice','2243f861-5832-499b-9a53-865d8a89c22b','67b2889f-0d55-49fa-afb9-363bb45021b5.png','Screenshot 2026-05-28 at 2.59.52â¯PM.png','image/png',629836,'2026-06-16 10:58:46'),('045e4890-9bc9-437a-9296-e00423d2be2f','11af653f-2496-4f22-b3d9-c4955399a1b2','purchase_order','test-123','2e35f10d-6af4-47cd-93c1-7c5099cc4f56.txt','test.txt','text/plain',323,'2026-06-16 11:09:44'),('0ab50b2c-61da-42a6-aace-44e06e62f65a','11af653f-2496-4f22-b3d9-c4955399a1b2','invoice','76c18474-7cb0-4299-a02d-43888066b729','0f1e71db-09dd-4d53-ac03-cf5db8af8408.png','Screenshot 2026-05-28 at 4.14.37â¯PM.png','image/png',944413,'2026-06-16 20:20:24'),('1852603d-4755-42b6-8bf2-d2a113d58db7','11af653f-2496-4f22-b3d9-c4955399a1b2','kirana_cashbook','48ca3030-2f92-4c40-b086-e6ce51f058bc','5cb26f4b-18c8-4871-8507-4f946ffa7d87.png','Screenshot 2026-05-30 at 11.35.12â¯AM.png','image/png',608788,'2026-06-18 20:52:07'),('190cceb3-13a8-46a1-a312-f239594b62ed','11af653f-2496-4f22-b3d9-c4955399a1b2','balance_sheet','84c893f5-faa1-4214-8541-07c47d480aff','a4fb7f6b-9200-4bda-8022-711ea0276113.png','Screenshot 2026-05-28 at 4.14.37â¯PM.png','image/png',944413,'2026-06-18 19:28:15'),('290dc545-5f0a-4884-9bdf-b74e6cf7b3cc','11af653f-2496-4f22-b3d9-c4955399a1b2','invoice','2243f861-5832-499b-9a53-865d8a89c22b','64e4d67c-ace0-4c91-a3c4-7a2cf9d4a1bd.png','Screenshot 2026-05-28 at 4.14.37â¯PM.png','image/png',944413,'2026-06-16 11:05:21'),('2e184106-7cf9-45c2-abd7-c70e8ce034c7','11af653f-2496-4f22-b3d9-c4955399a1b2','invoice','a8d4c8aa-de31-417a-b8ad-d6c7159322ff','85e2b511-a762-46f6-b95f-cf23587d2195.png','Screenshot 2026-05-30 at 11.35.12â¯AM.png','image/png',608788,'2026-06-16 10:59:11'),('427d079f-6a05-4436-923c-7369868f085c','11af653f-2496-4f22-b3d9-c4955399a1b2','purchase_order','32c3d97e-2fde-401e-ba65-5cf566525f79','3c36f18d-712f-4273-9642-19f58c432521.pdf','INV-2243f861-5832-499b-9a53-865d8a89c22b.pdf','application/pdf',2168,'2026-06-16 11:40:12'),('48e4b9ea-b4ca-4654-b941-3b69ea5be704','11af653f-2496-4f22-b3d9-c4955399a1b2','purchase_order','b2863738-5919-4f64-ac6f-634372e0ea79','f7b89805-e6f8-41d5-9e7d-7987b1b8c165.png','Screenshot 2026-05-30 at 11.35.12â¯AM.png','image/png',608788,'2026-06-16 20:19:18'),('4af0829e-8d55-44ee-b310-ece1fa7c1069','11af653f-2496-4f22-b3d9-c4955399a1b2','purchase_order','e2e-test-2','f5eb2be3-c5e9-4dce-a29e-2b43312038b7.txt','b.txt','text/plain',2,'2026-06-16 11:13:35'),('4c2a1f81-d3db-48b6-85f6-c73a00f74ee7','11af653f-2496-4f22-b3d9-c4955399a1b2','purchase_order','test-456','2d776ae2-5258-4ece-9d5f-0d185cd275c9.txt','test.txt','text/plain',529,'2026-06-16 11:11:29'),('4c413159-cd83-473f-be35-938ab2bce3e0','11af653f-2496-4f22-b3d9-c4955399a1b2','purchase_order','e2e-test-2','35409ef9-4416-4e66-b1a3-d16c5cb929e7.txt','a.txt','text/plain',2,'2026-06-16 11:13:35'),('51714639-23ce-4e31-8ef5-0a6f5ae76058','11af653f-2496-4f22-b3d9-c4955399a1b2','purchase_order','2fde6963-6c96-4adc-a390-a12e609aca6f','48307a20-6713-44d8-aba7-e11626a1e6c0.pdf','INV-2243f861-5832-499b-9a53-865d8a89c22b.pdf','application/pdf',2168,'2026-06-16 19:27:40'),('54f84e44-af4d-4b8b-836b-46842d5a1381','11af653f-2496-4f22-b3d9-c4955399a1b2','invoice','6d1c0f08-b2a7-49ab-9bb3-c03e0d1e7d29','69f25171-bf0d-4365-904c-c09574241b5e.png','Screenshot 2026-05-28 at 2.59.52â¯PM.png','image/png',629836,'2026-06-16 20:20:07'),('58e6fa1f-a44d-43e1-a103-8f812e84d51e','11af653f-2496-4f22-b3d9-c4955399a1b2','purchase_order','e2e-test-1','3e308989-6335-4791-bc8a-a3901412d7c7.txt','test.txt','text/plain',529,'2026-06-16 11:13:35'),('5eadb145-02d0-4dfe-b8cd-2f7575dd6fe7','11af653f-2496-4f22-b3d9-c4955399a1b2','purchase_order','fe2b1c8d-7e64-4e9c-b9af-0957426a0b5b','fc1b4fc3-33c6-46d6-83ef-1efb4964c18b.pdf','INV-2243f861-5832-499b-9a53-865d8a89c22b.pdf','application/pdf',2168,'2026-06-16 19:46:06'),('76954132-068c-40ea-96cb-e68098b813a4','11af653f-2496-4f22-b3d9-c4955399a1b2','purchase_order','99e1511b-16fa-4d2a-b447-216a0fd89098','ab9964f1-60fb-4dcc-a7ad-5927bdb34723.txt','_test_invoice.txt','application/octet-stream',46,'2026-06-16 19:42:35'),('85532360-9dba-4f07-bda3-ebd162c56718','11af653f-2496-4f22-b3d9-c4955399a1b2','purchase_order','test-789','3791dfad-e3af-4632-8098-c199fcdc874e.txt','f2.txt','text/plain',6,'2026-06-16 11:12:35'),('87022b06-1441-45b1-902d-d05b5d93b067','11af653f-2496-4f22-b3d9-c4955399a1b2','purchase_order','test-789','61b56652-965f-46bc-917e-85027448ba94.txt','test.txt','text/plain',529,'2026-06-16 11:12:35'),('8fd78a38-dcf5-40f1-bdf5-802dcecf3da3','11af653f-2496-4f22-b3d9-c4955399a1b2','purchase_order','61ff824c-16eb-4b8e-8d5b-31190e272abe','9ad146fd-23a5-4045-a99f-a3d8510f87cd.pdf','PO-32c3d97e-2fde-401e-ba65-5cf566525f79.pdf','application/pdf',2205,'2026-06-16 11:44:55'),('9300fbb7-6348-431f-a8b1-44325f23b2c3','11af653f-2496-4f22-b3d9-c4955399a1b2','purchase_order','61ff824c-16eb-4b8e-8d5b-31190e272abe','cc706eed-6649-4c9b-99a1-fb052d818d47.png','Screenshot 2026-05-28 at 2.51.44â¯PM.png','image/png',1349110,'2026-06-16 11:00:47'),('a257bea2-2a14-4d50-a21b-23dd28908023','11af653f-2496-4f22-b3d9-c4955399a1b2','kirana_cashbook','de6022a1-c3ee-4868-bd96-930004cf687f','cefb7955-0734-4615-95e6-00a70e02968e.png','Screenshot 2026-05-28 at 4.14.37â¯PM.png','image/png',944413,'2026-06-18 20:51:23'),('acff4179-5751-4acc-a911-3549c9d21900','11af653f-2496-4f22-b3d9-c4955399a1b2','balance_sheet','5b65b2bf-3404-4b3d-9cfa-b45562f4b4da','abe90fa5-83b8-460d-8b8b-8e6cf022f57e.png','Screenshot 2026-05-28 at 2.51.44â¯PM.png','image/png',1349110,'2026-06-18 19:28:05'),('b8b5d5ac-a0e1-4df4-b01e-5751057a82ea','11af653f-2496-4f22-b3d9-c4955399a1b2','purchase_order','fe2b1c8d-7e64-4e9c-b9af-0957426a0b5b','58ade2c5-9ac1-4409-8edb-d167fa9be400.pdf','PO-32c3d97e-2fde-401e-ba65-5cf566525f79.pdf','application/pdf',2205,'2026-06-16 11:07:10'),('c24e2aa2-fb55-4485-9c2c-2c36c773d2c0','11af653f-2496-4f22-b3d9-c4955399a1b2','purchase_order','test-789','7233f6aa-6be7-4764-b272-21bc26236fa3.txt','f1.txt','text/plain',6,'2026-06-16 11:12:35'),('c575b3d6-8ea6-40cd-80a7-b73721bea38d','11af653f-2496-4f22-b3d9-c4955399a1b2','purchase_order','b2863738-5919-4f64-ac6f-634372e0ea79','c4a35064-8554-41c0-b122-ef34058da036.pdf','payslip_2dabccfa-5a4a-4f22-be00-81ec6cc4f55e.pdf','application/pdf',1688,'2026-06-16 11:44:14'),('c8b7709e-5998-4896-9bd0-dfdd6aae72d4','11af653f-2496-4f22-b3d9-c4955399a1b2','purchase_order','fe2b1c8d-7e64-4e9c-b9af-0957426a0b5b','af5b181e-b8f2-450d-b2bb-a522efd83b5f.pdf','INV-2243f861-5832-499b-9a53-865d8a89c22b.pdf','application/pdf',2168,'2026-06-16 11:07:28'),('cbe0b5b3-adda-4262-911f-2eff6e002c31','11af653f-2496-4f22-b3d9-c4955399a1b2','kirana_cashbook','e82978ed-eacb-4efa-8905-09c863dcdcd1','0cb7707a-fba6-42c4-9717-7e21c2f6ecf6.png','Screenshot 2026-05-30 at 11.35.12â¯AM.png','image/png',608788,'2026-06-18 20:51:27'),('d9166f5a-e6a8-45c6-9c7f-eae9abf0d3ca','11af653f-2496-4f22-b3d9-c4955399a1b2','purchase_order','32c3d97e-2fde-401e-ba65-5cf566525f79','0f1aecbb-277a-45aa-8c17-00b35213e441.pdf','payslip_2dabccfa-5a4a-4f22-be00-81ec6cc4f55e.pdf','application/pdf',1688,'2026-06-16 11:06:51'),('dd0ca9b7-7872-407b-93ce-0f9e40fd2164','11af653f-2496-4f22-b3d9-c4955399a1b2','purchase_order','32c3d97e-2fde-401e-ba65-5cf566525f79','9531116c-af62-4511-9041-f60e27dc11e1.pdf','INV-2243f861-5832-499b-9a53-865d8a89c22b.pdf','application/pdf',2168,'2026-06-16 11:40:48'),('eec85b97-f9e8-4540-928c-58b631227fdf','11af653f-2496-4f22-b3d9-c4955399a1b2','balance_sheet','07d84b66-a1d4-43fe-b8f7-bbb13dad42b6','88de9b72-cd0d-49df-a091-e3ba0bee28b9.png','Screenshot 2026-05-30 at 11.35.12â¯AM.png','image/png',608788,'2026-06-18 19:29:16');
/*!40000 ALTER TABLE `attachments` ENABLE KEYS */;
UNLOCK TABLES;

--
-- Table structure for table `attendance`
--

DROP TABLE IF EXISTS `attendance`;
/*!40101 SET @saved_cs_client     = @@character_set_client */;
/*!50503 SET character_set_client = utf8mb4 */;
CREATE TABLE `attendance` (
  `id` varchar(36) NOT NULL,
  `tenant_id` varchar(36) NOT NULL,
  `employee_id` varchar(36) NOT NULL,
  `date` date NOT NULL,
  `clock_in` datetime NOT NULL,
  `clock_out` datetime DEFAULT NULL,
  `total_hours` decimal(5,2) DEFAULT NULL,
  `created_at` timestamp NULL DEFAULT CURRENT_TIMESTAMP,
  PRIMARY KEY (`id`),
  UNIQUE KEY `tenant_emp_date_unique` (`tenant_id`,`employee_id`,`date`),
  KEY `employee_id` (`employee_id`),
  CONSTRAINT `attendance_ibfk_1` FOREIGN KEY (`tenant_id`) REFERENCES `tenants` (`id`) ON DELETE CASCADE,
  CONSTRAINT `attendance_ibfk_2` FOREIGN KEY (`employee_id`) REFERENCES `employees` (`id`) ON DELETE CASCADE
) ENGINE=InnoDB DEFAULT CHARSET=utf8mb4 COLLATE=utf8mb4_0900_ai_ci;
/*!40101 SET character_set_client = @saved_cs_client */;

--
-- Dumping data for table `attendance`
--

LOCK TABLES `attendance` WRITE;
/*!40000 ALTER TABLE `attendance` DISABLE KEYS */;
INSERT INTO `attendance` VALUES ('0079591d-c231-4322-a8d9-c399b8febd8a','11af653f-2496-4f22-b3d9-c4955399a1b2','04cfc96d-b64e-42b3-aff9-17350040c040','2026-05-07','2026-05-07 09:20:00','2026-05-07 19:20:00',9.00,'2026-06-16 09:40:52'),('013ca503-5493-4a8b-b474-debfc40cd363','11af653f-2496-4f22-b3d9-c4955399a1b2','31f3ff82-d4ad-4716-9003-276246fbdace','2026-06-22','2026-06-22 09:03:00','2026-06-22 18:03:00',8.00,'2026-06-16 09:40:52'),('013e0490-2efd-4ebc-bddb-4904c91e2dd1','11af653f-2496-4f22-b3d9-c4955399a1b2','1f24012e-be87-46b4-8b93-b5ab618301ac','2026-05-20','2026-05-20 09:18:00','2026-05-20 17:18:00',7.00,'2026-06-16 09:40:52'),('0203dc6d-ce84-4d88-9daf-275fbc5e21cd','11af653f-2496-4f22-b3d9-c4955399a1b2','0dd53ca4-7dbc-4d4b-8280-236cde286c07','2026-06-09','2026-06-09 09:22:00','2026-06-09 19:22:00',9.00,'2026-06-16 09:40:52'),('02463393-1147-422d-82ed-6c2d6abc532f','11af653f-2496-4f22-b3d9-c4955399a1b2','1f24012e-be87-46b4-8b93-b5ab618301ac','2026-04-09','2026-04-09 09:07:00','2026-04-09 17:07:00',7.00,'2026-06-16 09:40:52'),('025bf09a-d0fd-49b4-a4a0-80011b846c1d','11af653f-2496-4f22-b3d9-c4955399a1b2','db58c449-a519-412f-b7e5-65fbd13683fc','2026-05-20','2026-05-20 09:20:00','2026-05-20 17:20:00',7.00,'2026-06-16 09:40:52'),('025e9c66-770a-46df-8ff4-fc9b38e1bce9','11af653f-2496-4f22-b3d9-c4955399a1b2','31f3ff82-d4ad-4716-9003-276246fbdace','2026-05-25','2026-05-25 09:20:00','2026-05-25 19:20:00',9.00,'2026-06-16 09:40:52'),('02a99abb-5fd0-491f-ac69-f79d9fcd99e1','11af653f-2496-4f22-b3d9-c4955399a1b2','9d5bf750-8fa8-4f35-b606-b670bf130bd7','2026-04-01','2026-04-01 09:25:00','2026-04-01 17:25:00',7.00,'2026-06-16 09:40:52'),('032412b3-07e4-444c-847a-7a078001e8d4','11af653f-2496-4f22-b3d9-c4955399a1b2','0dd53ca4-7dbc-4d4b-8280-236cde286c07','2026-06-24','2026-06-24 09:01:00','2026-06-24 17:01:00',7.00,'2026-06-16 09:40:52'),('0569bcbe-f169-4747-b43d-2241acaf6aa5','11af653f-2496-4f22-b3d9-c4955399a1b2','0be27e37-5f6b-4bb8-b8e5-452552d9b68d','2026-05-05','2026-05-04 00:00:00','2026-05-04 00:00:00',0.00,'2026-06-16 09:40:52'),('056e3e0b-5118-4302-a092-1e4db6f7695d','11af653f-2496-4f22-b3d9-c4955399a1b2','0be27e37-5f6b-4bb8-b8e5-452552d9b68d','2026-04-23','2026-04-23 09:03:00','2026-04-23 17:03:00',7.00,'2026-06-16 09:40:52'),('05b652de-f67a-472b-83c1-4ceb6dabb19f','11af653f-2496-4f22-b3d9-c4955399a1b2','1f24012e-be87-46b4-8b93-b5ab618301ac','2026-06-24','2026-06-24 09:16:00','2026-06-24 19:16:00',9.00,'2026-06-16 09:40:52'),('0737c682-fa62-48e7-9c3f-a9a34770e771','11af653f-2496-4f22-b3d9-c4955399a1b2','0be27e37-5f6b-4bb8-b8e5-452552d9b68d','2026-06-08','2026-06-08 09:24:00','2026-06-08 18:24:00',8.00,'2026-06-16 09:40:52'),('0758c37d-7b93-4bf3-9259-83552fb19f5f','11af653f-2496-4f22-b3d9-c4955399a1b2','0dd53ca4-7dbc-4d4b-8280-236cde286c07','2026-06-30','2026-06-30 09:28:00','2026-06-30 19:28:00',9.00,'2026-06-16 09:40:52'),('07a70792-80cc-4052-8b1c-29e759257244','11af653f-2496-4f22-b3d9-c4955399a1b2','0be27e37-5f6b-4bb8-b8e5-452552d9b68d','2026-04-27','2026-04-27 09:14:00','2026-04-27 17:14:00',7.00,'2026-06-16 09:40:52'),('08696e69-f120-48b2-8594-7e2c777a7ad5','11af653f-2496-4f22-b3d9-c4955399a1b2','9d5bf750-8fa8-4f35-b606-b670bf130bd7','2026-04-09','2026-04-09 09:07:00','2026-04-09 18:07:00',8.00,'2026-06-16 09:40:52'),('08aaff65-a302-4b63-a8ab-83f7f8e35a62','11af653f-2496-4f22-b3d9-c4955399a1b2','0be27e37-5f6b-4bb8-b8e5-452552d9b68d','2026-05-25','2026-05-25 09:00:00','2026-05-25 18:00:00',8.00,'2026-06-16 09:40:52'),('0a026a39-5681-4012-94c7-aa251ee5a387','11af653f-2496-4f22-b3d9-c4955399a1b2','db58c449-a519-412f-b7e5-65fbd13683fc','2026-04-17','2026-04-17 09:14:00','2026-04-17 19:14:00',9.00,'2026-06-16 09:40:52'),('0aab0948-af06-428c-b801-8c299164d4a6','11af653f-2496-4f22-b3d9-c4955399a1b2','db58c449-a519-412f-b7e5-65fbd13683fc','2026-05-21','2026-05-21 09:25:00','2026-05-21 17:25:00',7.00,'2026-06-16 09:40:52'),('0acc702f-c03d-4b15-829f-98d92b9787f1','11af653f-2496-4f22-b3d9-c4955399a1b2','db58c449-a519-412f-b7e5-65fbd13683fc','2026-05-26','2026-05-26 09:26:00','2026-05-26 19:26:00',9.00,'2026-06-16 09:40:52'),('0bfd3596-1677-454c-a31c-de5b3ffd8b84','11af653f-2496-4f22-b3d9-c4955399a1b2','0be27e37-5f6b-4bb8-b8e5-452552d9b68d','2026-04-13','2026-04-13 09:17:00','2026-04-13 18:17:00',8.00,'2026-06-16 09:40:52'),('0ddab381-fb8f-4b31-b3c8-57189ff84d4e','11af653f-2496-4f22-b3d9-c4955399a1b2','db58c449-a519-412f-b7e5-65fbd13683fc','2026-06-19','2026-06-19 09:00:00','2026-06-19 17:00:00',7.00,'2026-06-16 09:40:52'),('0f0f8955-8f4f-4950-8645-dbdc97fcc57e','11af653f-2496-4f22-b3d9-c4955399a1b2','db58c449-a519-412f-b7e5-65fbd13683fc','2026-04-09','2026-04-09 09:02:00','2026-04-09 18:02:00',8.00,'2026-06-16 09:40:52'),('0fe2ce43-2afd-4f93-b470-34ed9203c670','11af653f-2496-4f22-b3d9-c4955399a1b2','9d5bf750-8fa8-4f35-b606-b670bf130bd7','2026-05-28','2026-05-28 09:18:00','2026-05-28 17:18:00',7.00,'2026-06-16 09:40:52'),('10174978-bb7d-4235-a67c-09230361e774','11af653f-2496-4f22-b3d9-c4955399a1b2','0be27e37-5f6b-4bb8-b8e5-452552d9b68d','2026-04-14','2026-04-14 09:14:00','2026-04-14 17:14:00',7.00,'2026-06-16 09:40:52'),('103cbf1f-e85d-42e1-9ca0-9f4bcffa091c','11af653f-2496-4f22-b3d9-c4955399a1b2','9d5bf750-8fa8-4f35-b606-b670bf130bd7','2026-05-12','2026-05-12 09:02:00','2026-05-12 18:02:00',8.00,'2026-06-16 09:40:52'),('1111b44b-a21d-4b55-bafd-01da8335d80c','11af653f-2496-4f22-b3d9-c4955399a1b2','04cfc96d-b64e-42b3-aff9-17350040c040','2026-06-05','2026-06-05 09:25:00','2026-06-05 18:25:00',8.00,'2026-06-16 09:40:52'),('1113e915-057c-449c-b68b-ee1f443f41e0','11af653f-2496-4f22-b3d9-c4955399a1b2','db58c449-a519-412f-b7e5-65fbd13683fc','2026-05-22','2026-05-22 09:11:00','2026-05-22 17:11:00',7.00,'2026-06-16 09:40:52'),('11c15145-33ac-4964-a058-75fd7c63b434','11af653f-2496-4f22-b3d9-c4955399a1b2','04cfc96d-b64e-42b3-aff9-17350040c040','2026-05-06','2026-05-06 09:20:00','2026-05-06 19:20:00',9.00,'2026-06-16 09:40:52'),('11e630cf-2f28-4de5-9eab-fe89f06a2422','11af653f-2496-4f22-b3d9-c4955399a1b2','1f24012e-be87-46b4-8b93-b5ab618301ac','2026-05-11','2026-05-11 09:04:00','2026-05-11 19:04:00',9.00,'2026-06-16 09:40:52'),('12bc8a2f-beb3-4d7d-a6a1-7994d488075b','11af653f-2496-4f22-b3d9-c4955399a1b2','9d5bf750-8fa8-4f35-b606-b670bf130bd7','2026-04-17','2026-04-17 09:08:00','2026-04-17 19:08:00',9.00,'2026-06-16 09:40:52'),('135afd10-d44f-4c56-ad53-ace5c0c97db6','11af653f-2496-4f22-b3d9-c4955399a1b2','1f24012e-be87-46b4-8b93-b5ab618301ac','2026-04-15','2026-04-15 09:27:00','2026-04-15 19:27:00',9.00,'2026-06-16 09:40:52'),('137a23ef-49b3-4a1b-b23f-c13dd9e47c09','11af653f-2496-4f22-b3d9-c4955399a1b2','9d5bf750-8fa8-4f35-b606-b670bf130bd7','2026-06-25','2026-06-25 09:19:00','2026-06-25 19:19:00',9.00,'2026-06-16 09:40:52'),('139cbc9d-e4e8-4733-99bb-89ce343b30be','11af653f-2496-4f22-b3d9-c4955399a1b2','0dd53ca4-7dbc-4d4b-8280-236cde286c07','2026-05-15','2026-05-15 09:24:00','2026-05-15 18:24:00',8.00,'2026-06-16 09:40:52'),('13ec76cb-ea1d-4f33-a1c7-5d46dc31c055','11af653f-2496-4f22-b3d9-c4955399a1b2','0dd53ca4-7dbc-4d4b-8280-236cde286c07','2026-04-21','2026-04-20 00:00:00','2026-04-20 00:00:00',0.00,'2026-06-16 09:40:52'),('146766fa-a93a-46a9-9969-6b1f34636f3a','11af653f-2496-4f22-b3d9-c4955399a1b2','9d5bf750-8fa8-4f35-b606-b670bf130bd7','2026-05-05','2026-05-05 09:25:00','2026-05-05 18:25:00',8.00,'2026-06-16 09:40:52'),('1483f1f2-af20-4ea1-a66e-51a7f3ac4a35','11af653f-2496-4f22-b3d9-c4955399a1b2','0be27e37-5f6b-4bb8-b8e5-452552d9b68d','2026-05-13','2026-05-13 09:29:00','2026-05-13 17:29:00',7.00,'2026-06-16 09:40:52'),('148ef541-4b10-45ba-bbdd-6df5466cbc34','11af653f-2496-4f22-b3d9-c4955399a1b2','0dd53ca4-7dbc-4d4b-8280-236cde286c07','2026-06-19','2026-06-19 09:02:00','2026-06-19 18:02:00',8.00,'2026-06-16 09:40:52'),('14a973c4-b846-4fa1-9d5c-6f323fe1eb1b','11af653f-2496-4f22-b3d9-c4955399a1b2','31f3ff82-d4ad-4716-9003-276246fbdace','2026-06-18','2026-06-18 09:15:00','2026-06-18 17:15:00',7.00,'2026-06-16 09:40:52'),('14d38746-7692-4071-a4de-803383698edb','11af653f-2496-4f22-b3d9-c4955399a1b2','0dd53ca4-7dbc-4d4b-8280-236cde286c07','2026-05-13','2026-05-13 09:12:00','2026-05-13 18:12:00',8.00,'2026-06-16 09:40:52'),('16823055-c17f-42aa-abf9-a6a0178af9cb','11af653f-2496-4f22-b3d9-c4955399a1b2','1f24012e-be87-46b4-8b93-b5ab618301ac','2026-05-13','2026-05-13 09:18:00','2026-05-13 19:18:00',9.00,'2026-06-16 09:40:52'),('176bc284-f410-408c-a78f-596903fa8cf5','11af653f-2496-4f22-b3d9-c4955399a1b2','04cfc96d-b64e-42b3-aff9-17350040c040','2026-05-26','2026-05-25 00:00:00','2026-05-25 00:00:00',0.00,'2026-06-16 09:40:52'),('1787ed2b-6445-4c0c-94f4-90c0441594dd','11af653f-2496-4f22-b3d9-c4955399a1b2','9d5bf750-8fa8-4f35-b606-b670bf130bd7','2026-06-29','2026-06-29 09:28:00','2026-06-29 17:28:00',7.00,'2026-06-16 09:40:52'),('18cff4cf-96ec-4853-babc-5e1657b005ed','11af653f-2496-4f22-b3d9-c4955399a1b2','04cfc96d-b64e-42b3-aff9-17350040c040','2026-05-14','2026-05-14 09:05:00','2026-05-14 19:05:00',9.00,'2026-06-16 09:40:52'),('1a055ab2-30f8-4ca3-89ee-0997749fbb21','11af653f-2496-4f22-b3d9-c4955399a1b2','9d5bf750-8fa8-4f35-b606-b670bf130bd7','2026-05-01','2026-05-01 09:10:00','2026-05-01 17:10:00',7.00,'2026-06-16 09:40:52'),('1b26fed3-ed20-494d-a205-eef414e23fe0','11af653f-2496-4f22-b3d9-c4955399a1b2','0be27e37-5f6b-4bb8-b8e5-452552d9b68d','2026-06-12','2026-06-12 09:20:00','2026-06-12 18:20:00',8.00,'2026-06-16 09:40:52'),('1bc77efe-5a7c-44f4-8fab-bd02f9253a29','11af653f-2496-4f22-b3d9-c4955399a1b2','1f24012e-be87-46b4-8b93-b5ab618301ac','2026-04-23','2026-04-23 09:17:00','2026-04-23 18:17:00',8.00,'2026-06-16 09:40:52'),('1bf2751e-53a4-479b-b583-68d84110cb53','11af653f-2496-4f22-b3d9-c4955399a1b2','9d5bf750-8fa8-4f35-b606-b670bf130bd7','2026-06-30','2026-06-30 09:18:00','2026-06-30 17:18:00',7.00,'2026-06-16 09:40:52'),('1cefe0d8-15fe-4519-9f1e-9880deec2a2c','11af653f-2496-4f22-b3d9-c4955399a1b2','04cfc96d-b64e-42b3-aff9-17350040c040','2026-06-08','2026-06-08 09:18:00','2026-06-08 19:18:00',9.00,'2026-06-16 09:40:52'),('1d2e5efc-1da3-49f4-9d2f-79683b00a6e2','11af653f-2496-4f22-b3d9-c4955399a1b2','0be27e37-5f6b-4bb8-b8e5-452552d9b68d','2026-05-11','2026-05-11 09:08:00','2026-05-11 17:08:00',7.00,'2026-06-16 09:40:52'),('1e0a30ce-99cd-4cfc-b44d-992274bd4126','11af653f-2496-4f22-b3d9-c4955399a1b2','0dd53ca4-7dbc-4d4b-8280-236cde286c07','2026-05-19','2026-05-19 09:09:00','2026-05-19 18:09:00',8.00,'2026-06-16 09:40:52'),('1e6645e4-387a-4245-9b5d-f3a033508fe8','11af653f-2496-4f22-b3d9-c4955399a1b2','04cfc96d-b64e-42b3-aff9-17350040c040','2026-05-28','2026-05-28 09:19:00','2026-05-28 17:19:00',7.00,'2026-06-16 09:40:52'),('1f38a366-9fd7-4f11-a826-972152bad781','11af653f-2496-4f22-b3d9-c4955399a1b2','1f24012e-be87-46b4-8b93-b5ab618301ac','2026-04-30','2026-04-30 09:07:00','2026-04-30 19:07:00',9.00,'2026-06-16 09:40:52'),('2031aa17-360a-4060-b014-23175feb0943','11af653f-2496-4f22-b3d9-c4955399a1b2','0be27e37-5f6b-4bb8-b8e5-452552d9b68d','2026-05-06','2026-05-06 09:10:00','2026-05-06 19:10:00',9.00,'2026-06-16 09:40:52'),('2309e76c-27ad-4110-8abf-50748d6912bd','11af653f-2496-4f22-b3d9-c4955399a1b2','db58c449-a519-412f-b7e5-65fbd13683fc','2026-04-01','2026-04-01 09:01:00','2026-04-01 17:01:00',7.00,'2026-06-16 09:40:52'),('2333cabd-cd97-4c80-af4a-9947e02173e6','11af653f-2496-4f22-b3d9-c4955399a1b2','1f24012e-be87-46b4-8b93-b5ab618301ac','2026-06-01','2026-06-01 09:06:00','2026-06-01 18:06:00',8.00,'2026-06-16 09:40:52'),('235d0003-37cb-4c32-a9de-4e0e2295f770','11af653f-2496-4f22-b3d9-c4955399a1b2','31f3ff82-d4ad-4716-9003-276246fbdace','2026-05-07','2026-05-07 09:17:00','2026-05-07 17:17:00',7.00,'2026-06-16 09:40:52'),('243ae69c-146c-46ac-860b-fb7a8a7ffd90','11af653f-2496-4f22-b3d9-c4955399a1b2','1f24012e-be87-46b4-8b93-b5ab618301ac','2026-04-21','2026-04-21 09:14:00','2026-04-21 19:14:00',9.00,'2026-06-16 09:40:52'),('24dc6eb6-7c43-4225-b875-4b3ae8474f80','11af653f-2496-4f22-b3d9-c4955399a1b2','31f3ff82-d4ad-4716-9003-276246fbdace','2026-05-01','2026-05-01 09:18:00','2026-05-01 19:18:00',9.00,'2026-06-16 09:40:52'),('2531f2e7-b731-4561-98ce-da49858592fa','11af653f-2496-4f22-b3d9-c4955399a1b2','0be27e37-5f6b-4bb8-b8e5-452552d9b68d','2026-04-08','2026-04-08 09:29:00','2026-04-08 19:29:00',9.00,'2026-06-16 09:40:52'),('26ba1038-9437-4454-8e28-426b1374ed32','11af653f-2496-4f22-b3d9-c4955399a1b2','9d5bf750-8fa8-4f35-b606-b670bf130bd7','2026-05-06','2026-05-06 09:20:00','2026-05-06 19:20:00',9.00,'2026-06-16 09:40:52'),('274d38df-dd5e-464d-9ed6-fb8023392b02','11af653f-2496-4f22-b3d9-c4955399a1b2','31f3ff82-d4ad-4716-9003-276246fbdace','2026-05-08','2026-05-08 09:10:00','2026-05-08 19:10:00',9.00,'2026-06-16 09:40:52'),('29224d78-f595-4827-bc18-c79a36bd36ff','11af653f-2496-4f22-b3d9-c4955399a1b2','04cfc96d-b64e-42b3-aff9-17350040c040','2026-06-22','2026-06-22 09:05:00','2026-06-22 19:05:00',9.00,'2026-06-16 09:40:52'),('29526e59-1cec-45aa-bfea-515448b86f6c','11af653f-2496-4f22-b3d9-c4955399a1b2','9d5bf750-8fa8-4f35-b606-b670bf130bd7','2026-06-16','2026-06-16 09:09:00','2026-06-16 18:09:00',8.00,'2026-06-16 09:40:52'),('2ae9b774-83b8-437a-8f78-d9da240b114d','11af653f-2496-4f22-b3d9-c4955399a1b2','04cfc96d-b64e-42b3-aff9-17350040c040','2026-06-23','2026-06-23 09:25:00','2026-06-23 19:25:00',9.00,'2026-06-16 09:40:52'),('2affd9c1-1d34-468c-bd9c-10fa9bff0738','11af653f-2496-4f22-b3d9-c4955399a1b2','31f3ff82-d4ad-4716-9003-276246fbdace','2026-05-12','2026-05-12 09:05:00','2026-05-12 17:05:00',7.00,'2026-06-16 09:40:52'),('2b4c7631-e741-4a47-8e9b-137ab08d5150','11af653f-2496-4f22-b3d9-c4955399a1b2','0be27e37-5f6b-4bb8-b8e5-452552d9b68d','2026-04-20','2026-04-20 09:01:00','2026-04-20 19:01:00',9.00,'2026-06-16 09:40:52'),('2b4efe82-bcb8-4224-ba14-d00bb12d9e08','11af653f-2496-4f22-b3d9-c4955399a1b2','1f24012e-be87-46b4-8b93-b5ab618301ac','2026-04-27','2026-04-27 09:25:00','2026-04-27 19:25:00',9.00,'2026-06-16 09:40:52'),('2bd9b9f9-6377-4e5b-bca8-b549aea0fd87','11af653f-2496-4f22-b3d9-c4955399a1b2','0dd53ca4-7dbc-4d4b-8280-236cde286c07','2026-04-27','2026-04-27 09:18:00','2026-04-27 19:18:00',9.00,'2026-06-16 09:40:52'),('2c4ff516-dccb-4038-b510-61d3ffebf5f2','11af653f-2496-4f22-b3d9-c4955399a1b2','0dd53ca4-7dbc-4d4b-8280-236cde286c07','2026-06-26','2026-06-26 09:25:00','2026-06-26 17:25:00',7.00,'2026-06-16 09:40:52'),('2c8785a6-c02b-4735-8a4f-89694ccbd110','11af653f-2496-4f22-b3d9-c4955399a1b2','0be27e37-5f6b-4bb8-b8e5-452552d9b68d','2026-06-16','2026-06-16 09:26:00','2026-06-16 18:26:00',8.00,'2026-06-16 09:40:52'),('2d5ceed0-3b0f-40c9-b133-e354395294e8','11af653f-2496-4f22-b3d9-c4955399a1b2','04cfc96d-b64e-42b3-aff9-17350040c040','2026-04-28','2026-04-28 09:17:00','2026-04-28 18:17:00',8.00,'2026-06-16 09:40:52'),('2dc29415-65b8-4b9a-84d6-7673b2865b35','11af653f-2496-4f22-b3d9-c4955399a1b2','db58c449-a519-412f-b7e5-65fbd13683fc','2026-04-20','2026-04-19 00:00:00','2026-04-19 00:00:00',0.00,'2026-06-16 09:40:52'),('2e05c6dd-5eb0-4f04-bd88-424cc11c03d3','11af653f-2496-4f22-b3d9-c4955399a1b2','1f24012e-be87-46b4-8b93-b5ab618301ac','2026-06-22','2026-06-21 00:00:00','2026-06-21 00:00:00',0.00,'2026-06-16 09:40:52'),('2e3bae2a-7329-4f61-b898-97ccda3b4092','11af653f-2496-4f22-b3d9-c4955399a1b2','04cfc96d-b64e-42b3-aff9-17350040c040','2026-06-29','2026-06-29 09:23:00','2026-06-29 18:23:00',8.00,'2026-06-16 09:40:52'),('2ee071e5-2234-4043-a6f7-662fee65ba96','11af653f-2496-4f22-b3d9-c4955399a1b2','1f24012e-be87-46b4-8b93-b5ab618301ac','2026-04-22','2026-04-21 00:00:00','2026-04-21 00:00:00',0.00,'2026-06-16 09:40:52'),('2f871119-61f1-4ea1-9203-ccc36aa1213f','11af653f-2496-4f22-b3d9-c4955399a1b2','9d5bf750-8fa8-4f35-b606-b670bf130bd7','2026-05-07','2026-05-07 09:18:00','2026-05-07 19:18:00',9.00,'2026-06-16 09:40:52'),('2f8b655c-5781-4c1c-9836-88c375b54e60','11af653f-2496-4f22-b3d9-c4955399a1b2','31f3ff82-d4ad-4716-9003-276246fbdace','2026-04-14','2026-04-14 09:18:00','2026-04-14 18:18:00',8.00,'2026-06-16 09:40:52'),('30fc25b0-57f6-4f76-8278-33eb81311711','11af653f-2496-4f22-b3d9-c4955399a1b2','04cfc96d-b64e-42b3-aff9-17350040c040','2026-06-17','2026-06-17 09:22:00','2026-06-17 19:22:00',9.00,'2026-06-16 09:40:52'),('318ec771-c239-45cd-a593-9b78d8cd827a','11af653f-2496-4f22-b3d9-c4955399a1b2','04cfc96d-b64e-42b3-aff9-17350040c040','2026-05-18','2026-05-17 00:00:00','2026-05-17 00:00:00',0.00,'2026-06-16 09:40:52'),('32100071-cacd-4ba4-8eb7-39b65e6cf492','11af653f-2496-4f22-b3d9-c4955399a1b2','31f3ff82-d4ad-4716-9003-276246fbdace','2026-06-19','2026-06-19 09:25:00','2026-06-19 17:25:00',7.00,'2026-06-16 09:40:52'),('32b475d3-c38d-46bc-8d57-d66a2c503eca','11af653f-2496-4f22-b3d9-c4955399a1b2','04cfc96d-b64e-42b3-aff9-17350040c040','2026-04-24','2026-04-24 09:10:00','2026-04-24 19:10:00',9.00,'2026-06-16 09:40:52'),('33aa8f63-5a17-4daf-b190-beb76920f1db','11af653f-2496-4f22-b3d9-c4955399a1b2','0be27e37-5f6b-4bb8-b8e5-452552d9b68d','2026-06-05','2026-06-05 09:17:00','2026-06-05 19:17:00',9.00,'2026-06-16 09:40:52'),('33fee1d1-a888-4897-a778-59e96e8c99db','11af653f-2496-4f22-b3d9-c4955399a1b2','0be27e37-5f6b-4bb8-b8e5-452552d9b68d','2026-04-01','2026-04-01 09:29:00','2026-04-01 18:29:00',8.00,'2026-06-16 09:40:52'),('34128eeb-75e3-4868-9272-d532032c6fc2','11af653f-2496-4f22-b3d9-c4955399a1b2','9d5bf750-8fa8-4f35-b606-b670bf130bd7','2026-05-14','2026-05-14 09:05:00','2026-05-14 18:05:00',8.00,'2026-06-16 09:40:52'),('346c08d5-6be4-4891-82f6-2f724e264841','11af653f-2496-4f22-b3d9-c4955399a1b2','db58c449-a519-412f-b7e5-65fbd13683fc','2026-06-11','2026-06-11 09:26:00','2026-06-11 19:26:00',9.00,'2026-06-16 09:40:52'),('357ee402-9726-4c11-85e2-ac62dc4fe27c','11af653f-2496-4f22-b3d9-c4955399a1b2','db58c449-a519-412f-b7e5-65fbd13683fc','2026-06-22','2026-06-22 09:10:00','2026-06-22 19:10:00',9.00,'2026-06-16 09:40:52'),('35e4a5a3-65e3-455b-8331-6a27f4c61ba9','11af653f-2496-4f22-b3d9-c4955399a1b2','31f3ff82-d4ad-4716-9003-276246fbdace','2026-06-29','2026-06-29 09:02:00','2026-06-29 19:02:00',9.00,'2026-06-16 09:40:52'),('3616f45f-e8ff-473f-9fd7-fbc1d87fc8de','11af653f-2496-4f22-b3d9-c4955399a1b2','04cfc96d-b64e-42b3-aff9-17350040c040','2026-06-15','2026-06-15 09:28:00','2026-06-15 18:28:00',8.00,'2026-06-16 09:40:52'),('37498c4d-26cd-439e-b6f8-fd3c9323294b','11af653f-2496-4f22-b3d9-c4955399a1b2','9d5bf750-8fa8-4f35-b606-b670bf130bd7','2026-04-14','2026-04-14 09:05:00','2026-04-14 17:05:00',7.00,'2026-06-16 09:40:52'),('374c1b7a-f406-4125-b11d-cdce95dde544','11af653f-2496-4f22-b3d9-c4955399a1b2','04cfc96d-b64e-42b3-aff9-17350040c040','2026-05-01','2026-04-30 00:00:00','2026-04-30 00:00:00',0.00,'2026-06-16 09:40:52'),('3756cbee-30a3-4531-8bdb-faae3bea812f','11af653f-2496-4f22-b3d9-c4955399a1b2','1f24012e-be87-46b4-8b93-b5ab618301ac','2026-06-08','2026-06-08 09:00:00','2026-06-08 19:00:00',10.00,'2026-06-16 09:40:52'),('37920f99-b497-40c7-81cd-844d017d459c','11af653f-2496-4f22-b3d9-c4955399a1b2','1f24012e-be87-46b4-8b93-b5ab618301ac','2026-05-07','2026-05-07 09:09:00','2026-05-07 19:09:00',9.00,'2026-06-16 09:40:52'),('37c6cd34-22b4-4fd5-9e23-c0da8bfdd111','11af653f-2496-4f22-b3d9-c4955399a1b2','0be27e37-5f6b-4bb8-b8e5-452552d9b68d','2026-05-29','2026-05-29 09:05:00','2026-05-29 19:05:00',9.00,'2026-06-16 09:40:52'),('39040f7a-6036-402a-abad-1516284e5622','11af653f-2496-4f22-b3d9-c4955399a1b2','db58c449-a519-412f-b7e5-65fbd13683fc','2026-06-08','2026-06-08 09:08:00','2026-06-08 17:08:00',7.00,'2026-06-16 09:40:52'),('391e405b-a6f3-4441-9d16-58798066611c','11af653f-2496-4f22-b3d9-c4955399a1b2','0dd53ca4-7dbc-4d4b-8280-236cde286c07','2026-06-25','2026-06-25 09:06:00','2026-06-25 17:06:00',7.00,'2026-06-16 09:40:52'),('3a417ac9-f5b9-4808-b49e-9e97039cf3bc','11af653f-2496-4f22-b3d9-c4955399a1b2','0dd53ca4-7dbc-4d4b-8280-236cde286c07','2026-05-08','2026-05-08 09:10:00','2026-05-08 19:10:00',9.00,'2026-06-16 09:40:52'),('3ae4e252-a937-4dbc-b568-b9261d9557a8','11af653f-2496-4f22-b3d9-c4955399a1b2','31f3ff82-d4ad-4716-9003-276246fbdace','2026-04-13','2026-04-13 09:04:00','2026-04-13 18:04:00',8.00,'2026-06-16 09:40:52'),('3b3f8830-dae9-4426-9f89-b8bd0f08f9de','11af653f-2496-4f22-b3d9-c4955399a1b2','0dd53ca4-7dbc-4d4b-8280-236cde286c07','2026-04-10','2026-04-10 09:24:00','2026-04-10 19:24:00',9.00,'2026-06-16 09:40:52'),('3b549eec-fe16-48b5-9349-ef45c2799714','11af653f-2496-4f22-b3d9-c4955399a1b2','0be27e37-5f6b-4bb8-b8e5-452552d9b68d','2026-04-21','2026-04-21 09:15:00','2026-04-21 18:15:00',8.00,'2026-06-16 09:40:52'),('3b5bd900-951a-4dde-a087-82ecf185be1f','11af653f-2496-4f22-b3d9-c4955399a1b2','0dd53ca4-7dbc-4d4b-8280-236cde286c07','2026-05-18','2026-05-18 09:22:00','2026-05-18 17:22:00',7.00,'2026-06-16 09:40:52'),('3bb7b9a4-0247-4d0f-9fed-943692cae85c','11af653f-2496-4f22-b3d9-c4955399a1b2','0be27e37-5f6b-4bb8-b8e5-452552d9b68d','2026-06-04','2026-06-04 09:04:00','2026-06-04 17:04:00',7.00,'2026-06-16 09:40:52'),('3d0a1d7b-5daf-40c4-925f-6e4e3e2b219a','11af653f-2496-4f22-b3d9-c4955399a1b2','31f3ff82-d4ad-4716-9003-276246fbdace','2026-05-27','2026-05-27 09:14:00','2026-05-27 19:14:00',9.00,'2026-06-16 09:40:52'),('3ef91eb6-6b72-4191-a9d0-73769b904d8e','11af653f-2496-4f22-b3d9-c4955399a1b2','0be27e37-5f6b-4bb8-b8e5-452552d9b68d','2026-04-29','2026-04-29 09:10:00','2026-04-29 18:10:00',8.00,'2026-06-16 09:40:52'),('3f1d0018-5584-4aaf-8176-39ac3d774654','11af653f-2496-4f22-b3d9-c4955399a1b2','04cfc96d-b64e-42b3-aff9-17350040c040','2026-05-21','2026-05-21 09:03:00','2026-05-21 17:03:00',7.00,'2026-06-16 09:40:52'),('3f6a8568-661e-4c16-b456-42db86b498fd','11af653f-2496-4f22-b3d9-c4955399a1b2','04cfc96d-b64e-42b3-aff9-17350040c040','2026-06-30','2026-06-30 09:28:00','2026-06-30 18:28:00',8.00,'2026-06-16 09:40:52'),('404b8dd3-14a7-4021-8a8f-fbf5fc0b7403','11af653f-2496-4f22-b3d9-c4955399a1b2','04cfc96d-b64e-42b3-aff9-17350040c040','2026-04-30','2026-04-30 09:26:00','2026-04-30 18:26:00',8.00,'2026-06-16 09:40:52'),('42064c09-eac9-4bdf-ad6f-0bd9fa0fe46a','11af653f-2496-4f22-b3d9-c4955399a1b2','1f24012e-be87-46b4-8b93-b5ab618301ac','2026-05-26','2026-05-26 09:13:00','2026-05-26 17:13:00',7.00,'2026-06-16 09:40:52'),('43af8108-5204-406b-aedc-01de992e4a62','11af653f-2496-4f22-b3d9-c4955399a1b2','31f3ff82-d4ad-4716-9003-276246fbdace','2026-04-30','2026-04-30 09:15:00','2026-04-30 19:15:00',9.00,'2026-06-16 09:40:52'),('44cf7220-2f6f-4ad2-8f32-1d3d95c606fe','11af653f-2496-4f22-b3d9-c4955399a1b2','0be27e37-5f6b-4bb8-b8e5-452552d9b68d','2026-06-24','2026-06-24 09:10:00','2026-06-24 19:10:00',9.00,'2026-06-16 09:40:52'),('454d1d7c-2de0-452b-8ff2-4622b90e6f43','11af653f-2496-4f22-b3d9-c4955399a1b2','0be27e37-5f6b-4bb8-b8e5-452552d9b68d','2026-05-26','2026-05-26 09:20:00','2026-05-26 17:20:00',7.00,'2026-06-16 09:40:52'),('459f9a9c-fb95-4d73-a17c-eb96afd1729d','11af653f-2496-4f22-b3d9-c4955399a1b2','0be27e37-5f6b-4bb8-b8e5-452552d9b68d','2026-04-06','2026-04-06 09:21:00','2026-04-06 19:21:00',9.00,'2026-06-16 09:40:52'),('461a7350-26fd-4b58-83ee-a7e8f1cdef86','11af653f-2496-4f22-b3d9-c4955399a1b2','9d5bf750-8fa8-4f35-b606-b670bf130bd7','2026-04-24','2026-04-24 09:16:00','2026-04-24 18:16:00',8.00,'2026-06-16 09:40:52'),('46e7af91-e737-4bc6-ae0a-7d02cc3e4b99','11af653f-2496-4f22-b3d9-c4955399a1b2','0be27e37-5f6b-4bb8-b8e5-452552d9b68d','2026-06-18','2026-06-18 09:17:00','2026-06-18 17:17:00',7.00,'2026-06-16 09:40:52'),('47374f01-c6a8-46d3-a950-e119ee01dfcd','11af653f-2496-4f22-b3d9-c4955399a1b2','9d5bf750-8fa8-4f35-b606-b670bf130bd7','2026-04-21','2026-04-21 09:06:00','2026-04-21 18:06:00',8.00,'2026-06-16 09:40:52'),('4758ba35-7e82-40fc-aa53-d0ccb0ccef9d','11af653f-2496-4f22-b3d9-c4955399a1b2','db58c449-a519-412f-b7e5-65fbd13683fc','2026-04-16','2026-04-16 09:10:00','2026-04-16 17:10:00',7.00,'2026-06-16 09:40:52'),('483d889b-de9a-4b05-8b1e-acd2bed2931a','11af653f-2496-4f22-b3d9-c4955399a1b2','31f3ff82-d4ad-4716-9003-276246fbdace','2026-06-08','2026-06-08 09:01:00','2026-06-08 18:01:00',8.00,'2026-06-16 09:40:52'),('4a110f6f-a7bc-4a25-a0f8-11fa288a0007','11af653f-2496-4f22-b3d9-c4955399a1b2','db58c449-a519-412f-b7e5-65fbd13683fc','2026-05-14','2026-05-14 09:18:00','2026-05-14 19:18:00',9.00,'2026-06-16 09:40:52'),('4a268be3-6c36-47c2-9860-32ef4736f37b','11af653f-2496-4f22-b3d9-c4955399a1b2','0dd53ca4-7dbc-4d4b-8280-236cde286c07','2026-04-08','2026-04-08 09:29:00','2026-04-08 17:29:00',7.00,'2026-06-16 09:40:52'),('4a7c0105-c0df-4ab8-b092-e79a58197004','11af653f-2496-4f22-b3d9-c4955399a1b2','db58c449-a519-412f-b7e5-65fbd13683fc','2026-06-02','2026-06-02 09:16:00','2026-06-02 18:16:00',8.00,'2026-06-16 09:35:11'),('4a9b2ae7-4755-4bb6-be1c-6f3b1fc8baa4','11af653f-2496-4f22-b3d9-c4955399a1b2','0be27e37-5f6b-4bb8-b8e5-452552d9b68d','2026-04-10','2026-04-10 09:23:00','2026-04-10 18:23:00',8.00,'2026-06-16 09:40:52'),('4ab879b1-2b58-4b49-80f8-e72f3b3ff619','11af653f-2496-4f22-b3d9-c4955399a1b2','1f24012e-be87-46b4-8b93-b5ab618301ac','2026-05-15','2026-05-15 09:21:00','2026-05-15 18:21:00',8.00,'2026-06-16 09:40:52'),('4b29eff8-6fd2-4a9b-89b2-e45e62bb2d9e','11af653f-2496-4f22-b3d9-c4955399a1b2','0dd53ca4-7dbc-4d4b-8280-236cde286c07','2026-06-04','2026-06-04 09:23:00','2026-06-04 17:23:00',7.00,'2026-06-16 09:40:52'),('4b49c4d3-070d-4fdb-bd89-314211fa30e1','11af653f-2496-4f22-b3d9-c4955399a1b2','1f24012e-be87-46b4-8b93-b5ab618301ac','2026-06-25','2026-06-25 09:20:00','2026-06-25 19:20:00',9.00,'2026-06-16 09:40:52'),('4c3c8066-9925-446a-b76e-4cbe03a20f21','11af653f-2496-4f22-b3d9-c4955399a1b2','0be27e37-5f6b-4bb8-b8e5-452552d9b68d','2026-05-01','2026-05-01 09:06:00','2026-05-01 18:06:00',8.00,'2026-06-16 09:40:52'),('4d8d78d1-078e-48af-8dff-12ad829ce775','11af653f-2496-4f22-b3d9-c4955399a1b2','1f24012e-be87-46b4-8b93-b5ab618301ac','2026-05-01','2026-05-01 09:03:00','2026-05-01 18:03:00',8.00,'2026-06-16 09:40:52'),('4dea70c3-0e47-4792-a534-055b4db50f7b','11af653f-2496-4f22-b3d9-c4955399a1b2','0dd53ca4-7dbc-4d4b-8280-236cde286c07','2026-06-05','2026-06-05 09:18:00','2026-06-05 19:18:00',9.00,'2026-06-16 09:40:52'),('4e0a99bc-7953-4048-bd63-72ea433bf732','11af653f-2496-4f22-b3d9-c4955399a1b2','1f24012e-be87-46b4-8b93-b5ab618301ac','2026-04-24','2026-04-24 09:20:00','2026-04-24 17:20:00',7.00,'2026-06-16 09:40:52'),('4e11b0d7-9335-48ca-8aa8-bb58eb3d8bbd','11af653f-2496-4f22-b3d9-c4955399a1b2','0be27e37-5f6b-4bb8-b8e5-452552d9b68d','2026-05-07','2026-05-07 09:02:00','2026-05-07 18:02:00',8.00,'2026-06-16 09:40:52'),('4e7d179d-996c-4f49-a30f-3dc94171ea2c','11af653f-2496-4f22-b3d9-c4955399a1b2','0be27e37-5f6b-4bb8-b8e5-452552d9b68d','2026-05-19','2026-05-19 09:27:00','2026-05-19 18:27:00',8.00,'2026-06-16 09:40:52'),('4e847f7e-b9da-4e73-82e6-711d247226c9','11af653f-2496-4f22-b3d9-c4955399a1b2','0be27e37-5f6b-4bb8-b8e5-452552d9b68d','2026-05-14','2026-05-14 09:12:00','2026-05-14 18:12:00',8.00,'2026-06-16 09:40:52'),('4e848d23-ce96-4876-980b-33a2f6e7a128','11af653f-2496-4f22-b3d9-c4955399a1b2','0be27e37-5f6b-4bb8-b8e5-452552d9b68d','2026-04-15','2026-04-15 09:02:00','2026-04-15 17:02:00',7.00,'2026-06-16 09:40:52'),('4e980305-aeda-4364-acfd-5a32bda7e04d','11af653f-2496-4f22-b3d9-c4955399a1b2','0be27e37-5f6b-4bb8-b8e5-452552d9b68d','2026-05-15','2026-05-15 09:14:00','2026-05-15 17:14:00',7.00,'2026-06-16 09:40:52'),('51ded403-3102-4a7d-8456-cef6c44ceae1','11af653f-2496-4f22-b3d9-c4955399a1b2','9d5bf750-8fa8-4f35-b606-b670bf130bd7','2026-04-30','2026-04-30 09:26:00','2026-04-30 17:26:00',7.00,'2026-06-16 09:40:52'),('52984923-fa55-4084-a818-19c79a9c1bd4','11af653f-2496-4f22-b3d9-c4955399a1b2','db58c449-a519-412f-b7e5-65fbd13683fc','2026-06-10','2026-06-10 09:24:00','2026-06-10 19:24:00',9.00,'2026-06-16 09:40:52'),('53d047f5-3e24-4715-b5f9-81f2317264ef','11af653f-2496-4f22-b3d9-c4955399a1b2','1f24012e-be87-46b4-8b93-b5ab618301ac','2026-05-06','2026-05-06 09:19:00','2026-05-06 17:19:00',7.00,'2026-06-16 09:40:52'),('53dff403-5ba1-40ed-98b7-c563908403a7','11af653f-2496-4f22-b3d9-c4955399a1b2','1f24012e-be87-46b4-8b93-b5ab618301ac','2026-06-05','2026-06-05 09:09:00','2026-06-05 17:09:00',7.00,'2026-06-16 09:40:52'),('5414a339-4b43-479b-9839-7aa7a43b63d2','11af653f-2496-4f22-b3d9-c4955399a1b2','31f3ff82-d4ad-4716-9003-276246fbdace','2026-05-14','2026-05-14 09:13:00','2026-05-14 18:13:00',8.00,'2026-06-16 09:40:52'),('5434469e-7299-4389-bfbd-fd1bd24177d3','11af653f-2496-4f22-b3d9-c4955399a1b2','04cfc96d-b64e-42b3-aff9-17350040c040','2026-06-25','2026-06-25 09:10:00','2026-06-25 17:10:00',7.00,'2026-06-16 09:40:52'),('548de21d-ade1-44fd-b294-42806e240549','11af653f-2496-4f22-b3d9-c4955399a1b2','04cfc96d-b64e-42b3-aff9-17350040c040','2026-05-29','2026-05-29 09:26:00','2026-05-29 19:26:00',9.00,'2026-06-16 09:40:52'),('5513d4bc-6aec-4fe0-87e9-5172f80148b7','11af653f-2496-4f22-b3d9-c4955399a1b2','31f3ff82-d4ad-4716-9003-276246fbdace','2026-06-26','2026-06-26 09:13:00','2026-06-26 19:13:00',9.00,'2026-06-16 09:40:52'),('56da1dbf-8399-4ede-ba52-f4ed6120b192','11af653f-2496-4f22-b3d9-c4955399a1b2','1f24012e-be87-46b4-8b93-b5ab618301ac','2026-05-18','2026-05-18 09:03:00','2026-05-18 17:03:00',7.00,'2026-06-16 09:40:52'),('57c34cf3-8c33-4bb7-a87a-1937e0a7eb4c','11af653f-2496-4f22-b3d9-c4955399a1b2','31f3ff82-d4ad-4716-9003-276246fbdace','2026-06-15','2026-06-15 09:08:00','2026-06-15 19:08:00',9.00,'2026-06-16 09:40:52'),('57c75f4e-e424-4624-ac5f-38bcfcee8154','11af653f-2496-4f22-b3d9-c4955399a1b2','31f3ff82-d4ad-4716-9003-276246fbdace','2026-06-04','2026-06-04 09:03:00','2026-06-04 17:03:00',7.00,'2026-06-16 09:40:52'),('59621fb1-75b4-4308-ab99-9dadb9baee22','11af653f-2496-4f22-b3d9-c4955399a1b2','db58c449-a519-412f-b7e5-65fbd13683fc','2026-05-08','2026-05-08 09:10:00','2026-05-08 17:10:00',7.00,'2026-06-16 09:40:52'),('59a5b785-9b0f-46ea-98c5-100e2b9309de','11af653f-2496-4f22-b3d9-c4955399a1b2','9d5bf750-8fa8-4f35-b606-b670bf130bd7','2026-06-19','2026-06-19 09:20:00','2026-06-19 18:20:00',8.00,'2026-06-16 09:40:52'),('5be622ee-e7a6-4bf5-a47d-2ecd26eb2fbe','11af653f-2496-4f22-b3d9-c4955399a1b2','31f3ff82-d4ad-4716-9003-276246fbdace','2026-04-28','2026-04-28 09:23:00','2026-04-28 17:23:00',7.00,'2026-06-16 09:40:52'),('5cc31738-9927-4de5-a0e8-7c17039977cb','11af653f-2496-4f22-b3d9-c4955399a1b2','0be27e37-5f6b-4bb8-b8e5-452552d9b68d','2026-04-24','2026-04-24 09:29:00','2026-04-24 19:29:00',9.00,'2026-06-16 09:40:52'),('5e0ecaee-737e-4f0a-9523-131aa447649c','518d9500-0662-4960-89da-5e953148cbf8','e0315d9a-b305-406b-bfeb-a7ac9504c4c9','2026-06-08','2026-06-08 09:00:00','2026-06-08 17:00:00',8.00,'2026-06-14 19:37:28'),('5e4563e9-1836-440d-9b7a-8c6a5f484c13','11af653f-2496-4f22-b3d9-c4955399a1b2','db58c449-a519-412f-b7e5-65fbd13683fc','2026-04-27','2026-04-27 09:16:00','2026-04-27 17:16:00',7.00,'2026-06-16 09:40:52'),('5e903a0e-4a09-407d-8bba-8e2e45154394','11af653f-2496-4f22-b3d9-c4955399a1b2','1f24012e-be87-46b4-8b93-b5ab618301ac','2026-04-14','2026-04-14 09:04:00','2026-04-14 18:04:00',8.00,'2026-06-16 09:40:52'),('5f81a375-13cb-48ce-8b79-8537b9da58f7','11af653f-2496-4f22-b3d9-c4955399a1b2','1f24012e-be87-46b4-8b93-b5ab618301ac','2026-06-19','2026-06-19 09:17:00','2026-06-19 18:17:00',8.00,'2026-06-16 09:40:52'),('5fc38b97-b3aa-43ae-8166-a23d45252fb4','518d9500-0662-4960-89da-5e953148cbf8','b8080bb3-d75e-4e64-9727-4f6b6eb98ee4','2026-06-14','2026-06-14 08:00:00','2026-06-14 17:00:00',9.00,'2026-06-14 14:16:57'),('6015a0ce-bf41-4b94-bf3d-e4349bcb9b5e','11af653f-2496-4f22-b3d9-c4955399a1b2','9d5bf750-8fa8-4f35-b606-b670bf130bd7','2026-06-08','2026-06-08 09:04:00','2026-06-08 19:04:00',9.00,'2026-06-16 09:40:52'),('602c87ee-107d-4108-951d-9bec65f7b85c','11af653f-2496-4f22-b3d9-c4955399a1b2','04cfc96d-b64e-42b3-aff9-17350040c040','2026-05-25','2026-05-24 00:00:00','2026-05-24 00:00:00',0.00,'2026-06-16 09:40:52'),('60d2a3be-90a0-4dac-aa00-38670a7183cd','11af653f-2496-4f22-b3d9-c4955399a1b2','db58c449-a519-412f-b7e5-65fbd13683fc','2026-04-22','2026-04-22 09:17:00','2026-04-22 19:17:00',9.00,'2026-06-16 09:40:52'),('60e72c77-29a9-4500-8c2d-cc13cc9504f9','11af653f-2496-4f22-b3d9-c4955399a1b2','9d5bf750-8fa8-4f35-b606-b670bf130bd7','2026-05-18','2026-05-17 00:00:00','2026-05-17 00:00:00',0.00,'2026-06-16 09:40:52'),('6131123e-1a66-45b9-889f-c72e857524d6','11af653f-2496-4f22-b3d9-c4955399a1b2','1f24012e-be87-46b4-8b93-b5ab618301ac','2026-05-12','2026-05-12 09:10:00','2026-05-12 17:10:00',7.00,'2026-06-16 09:40:52'),('6285fa66-8dbe-4089-beb9-9e525c086f95','11af653f-2496-4f22-b3d9-c4955399a1b2','0dd53ca4-7dbc-4d4b-8280-236cde286c07','2026-05-28','2026-05-28 09:06:00','2026-05-28 17:06:00',7.00,'2026-06-16 09:40:52'),('62d66809-ea4a-406c-99c6-30f05a4ad02c','11af653f-2496-4f22-b3d9-c4955399a1b2','db58c449-a519-412f-b7e5-65fbd13683fc','2026-04-02','2026-04-02 09:02:00','2026-04-02 17:02:00',7.00,'2026-06-16 09:40:52'),('63532861-bee8-4bbc-9337-a0242462a344','11af653f-2496-4f22-b3d9-c4955399a1b2','04cfc96d-b64e-42b3-aff9-17350040c040','2026-04-03','2026-04-03 09:10:00','2026-04-03 18:10:00',8.00,'2026-06-16 09:40:52'),('638cd2df-383a-400a-9901-5df1f2737379','11af653f-2496-4f22-b3d9-c4955399a1b2','31f3ff82-d4ad-4716-9003-276246fbdace','2026-04-23','2026-04-23 09:06:00','2026-04-23 17:06:00',7.00,'2026-06-16 09:40:52'),('63915bd5-7752-4f29-936c-f45f28b12c3a','11af653f-2496-4f22-b3d9-c4955399a1b2','0be27e37-5f6b-4bb8-b8e5-452552d9b68d','2026-04-22','2026-04-22 09:15:00','2026-04-22 17:15:00',7.00,'2026-06-16 09:40:52'),('64cb6b6b-6fc0-42a4-96f5-0ebcdc7da12b','11af653f-2496-4f22-b3d9-c4955399a1b2','0dd53ca4-7dbc-4d4b-8280-236cde286c07','2026-06-29','2026-06-29 09:22:00','2026-06-29 17:22:00',7.00,'2026-06-16 09:40:52'),('64f54860-2faf-438d-9169-b1381e2345c3','11af653f-2496-4f22-b3d9-c4955399a1b2','0dd53ca4-7dbc-4d4b-8280-236cde286c07','2026-04-09','2026-04-09 09:07:00','2026-04-09 17:07:00',7.00,'2026-06-16 09:40:52'),('66397e56-643d-4b27-8c9c-8576234fcba9','11af653f-2496-4f22-b3d9-c4955399a1b2','db58c449-a519-412f-b7e5-65fbd13683fc','2026-05-15','2026-05-15 09:19:00','2026-05-15 17:19:00',7.00,'2026-06-16 09:40:52'),('66c39de6-763f-40fc-a1f8-ec5922376044','11af653f-2496-4f22-b3d9-c4955399a1b2','31f3ff82-d4ad-4716-9003-276246fbdace','2026-05-20','2026-05-20 09:07:00','2026-05-20 19:07:00',9.00,'2026-06-16 09:40:52'),('66ece731-5940-40ab-992d-3920e04041bb','11af653f-2496-4f22-b3d9-c4955399a1b2','0be27e37-5f6b-4bb8-b8e5-452552d9b68d','2026-06-02','2026-06-02 09:02:00','2026-06-02 19:02:00',9.00,'2026-06-16 09:40:52'),('66efb8c6-15ee-4dc4-acb5-59d5ffe5e7be','11af653f-2496-4f22-b3d9-c4955399a1b2','9d5bf750-8fa8-4f35-b606-b670bf130bd7','2026-06-26','2026-06-26 09:00:00','2026-06-26 18:00:00',8.00,'2026-06-16 09:40:52'),('68d1b080-29af-4b07-82ed-3a9067283221','11af653f-2496-4f22-b3d9-c4955399a1b2','0dd53ca4-7dbc-4d4b-8280-236cde286c07','2026-06-18','2026-06-18 09:26:00','2026-06-18 18:26:00',8.00,'2026-06-16 09:40:52'),('68ec1097-133e-430f-9641-098d14f2aa37','11af653f-2496-4f22-b3d9-c4955399a1b2','0dd53ca4-7dbc-4d4b-8280-236cde286c07','2026-04-24','2026-04-24 09:12:00','2026-04-24 18:12:00',8.00,'2026-06-16 09:40:52'),('6a3159ce-a548-4d76-9754-b4acd791c2f1','518d9500-0662-4960-89da-5e953148cbf8','b8080bb3-d75e-4e64-9727-4f6b6eb98ee4','2026-06-12','2026-06-12 09:00:00','2026-06-12 18:00:00',9.00,'2026-06-14 19:37:50'),('6a7bea09-d936-41bf-bfa0-fac43cf92614','11af653f-2496-4f22-b3d9-c4955399a1b2','0be27e37-5f6b-4bb8-b8e5-452552d9b68d','2026-06-15','2026-06-15 09:11:00','2026-06-15 19:11:00',9.00,'2026-06-16 09:40:52'),('6a95ebcc-b1f5-413b-b7b6-4f98c0cb5337','11af653f-2496-4f22-b3d9-c4955399a1b2','31f3ff82-d4ad-4716-9003-276246fbdace','2026-04-24','2026-04-24 09:26:00','2026-04-24 17:26:00',7.00,'2026-06-16 09:40:52'),('6b6389c1-e546-43e4-9578-e24262dd8893','11af653f-2496-4f22-b3d9-c4955399a1b2','9d5bf750-8fa8-4f35-b606-b670bf130bd7','2026-05-04','2026-05-04 09:17:00','2026-05-04 17:17:00',7.00,'2026-06-16 09:40:52'),('6c4f1bc4-102a-4b6a-a63f-f824431f165f','11af653f-2496-4f22-b3d9-c4955399a1b2','9d5bf750-8fa8-4f35-b606-b670bf130bd7','2026-04-07','2026-04-07 09:02:00','2026-04-07 18:02:00',8.00,'2026-06-16 09:40:52'),('6cac24a6-212a-457f-a37c-3ad12bb0a978','11af653f-2496-4f22-b3d9-c4955399a1b2','0dd53ca4-7dbc-4d4b-8280-236cde286c07','2026-05-26','2026-05-26 09:16:00','2026-05-26 18:16:00',8.00,'2026-06-16 09:40:52'),('6d5ba712-6fdc-465b-919d-b6ec38c11720','11af653f-2496-4f22-b3d9-c4955399a1b2','31f3ff82-d4ad-4716-9003-276246fbdace','2026-05-22','2026-05-22 09:13:00','2026-05-22 19:13:00',9.00,'2026-06-16 09:40:52'),('6d919ff5-c014-41e9-b9ae-a3ee6e05356d','11af653f-2496-4f22-b3d9-c4955399a1b2','04cfc96d-b64e-42b3-aff9-17350040c040','2026-06-10','2026-06-10 09:01:00','2026-06-10 18:01:00',8.00,'2026-06-16 09:40:52'),('6dd444ce-d863-49e6-95f4-b7e4f4ff6386','11af653f-2496-4f22-b3d9-c4955399a1b2','1f24012e-be87-46b4-8b93-b5ab618301ac','2026-06-16','2026-06-16 09:05:00','2026-06-16 19:05:00',9.00,'2026-06-16 09:40:52'),('6e14023a-f430-4bf6-aadc-feed25923d78','11af653f-2496-4f22-b3d9-c4955399a1b2','04cfc96d-b64e-42b3-aff9-17350040c040','2026-05-04','2026-05-04 09:13:00','2026-05-04 19:13:00',9.00,'2026-06-16 09:40:52'),('6e69404f-74e2-4f66-8b67-473e33a4fc26','11af653f-2496-4f22-b3d9-c4955399a1b2','9d5bf750-8fa8-4f35-b606-b670bf130bd7','2026-06-18','2026-06-18 09:25:00','2026-06-18 17:25:00',7.00,'2026-06-16 09:40:52'),('6f4243be-744a-47ce-9ab5-da6987b42852','11af653f-2496-4f22-b3d9-c4955399a1b2','04cfc96d-b64e-42b3-aff9-17350040c040','2026-04-23','2026-04-23 09:01:00','2026-04-23 19:01:00',9.00,'2026-06-16 09:40:52'),('70ec2b73-bd26-4a66-b281-99ae2150fd8c','11af653f-2496-4f22-b3d9-c4955399a1b2','31f3ff82-d4ad-4716-9003-276246fbdace','2026-06-10','2026-06-10 09:29:00','2026-06-10 18:29:00',8.00,'2026-06-16 09:40:52'),('7118362f-ccb8-4fa1-8212-4f3dddadcb67','11af653f-2496-4f22-b3d9-c4955399a1b2','04cfc96d-b64e-42b3-aff9-17350040c040','2026-05-20','2026-05-20 09:02:00','2026-05-20 18:02:00',8.00,'2026-06-16 09:40:52'),('71778e0e-2b2a-4af5-b53c-e6e04dfb3871','11af653f-2496-4f22-b3d9-c4955399a1b2','1f24012e-be87-46b4-8b93-b5ab618301ac','2026-05-22','2026-05-22 09:01:00','2026-05-22 18:01:00',8.00,'2026-06-16 09:40:52'),('71ab6ad7-eb42-47c6-aab0-60e36ef87223','11af653f-2496-4f22-b3d9-c4955399a1b2','0be27e37-5f6b-4bb8-b8e5-452552d9b68d','2026-04-30','2026-04-30 09:07:00','2026-04-30 18:07:00',8.00,'2026-06-16 09:40:52'),('726b2423-8597-4c8f-a86d-c7310a23c605','11af653f-2496-4f22-b3d9-c4955399a1b2','db58c449-a519-412f-b7e5-65fbd13683fc','2026-04-28','2026-04-28 09:26:00','2026-04-28 17:26:00',7.00,'2026-06-16 09:40:52'),('72979405-b897-46e4-8c0a-e6732633ff8c','11af653f-2496-4f22-b3d9-c4955399a1b2','31f3ff82-d4ad-4716-9003-276246fbdace','2026-04-16','2026-04-16 09:02:00','2026-04-16 17:02:00',7.00,'2026-06-16 09:40:52'),('74af85af-be9f-4d2e-b369-18252b495097','11af653f-2496-4f22-b3d9-c4955399a1b2','9d5bf750-8fa8-4f35-b606-b670bf130bd7','2026-06-23','2026-06-23 09:00:00','2026-06-23 18:00:00',8.00,'2026-06-16 09:40:52'),('761fa390-443e-4d56-b265-05b857b61df3','11af653f-2496-4f22-b3d9-c4955399a1b2','db58c449-a519-412f-b7e5-65fbd13683fc','2026-06-30','2026-06-30 09:06:00','2026-06-30 19:06:00',9.00,'2026-06-16 09:40:52'),('77d54392-9a6f-49c6-a194-708a4cb63e02','11af653f-2496-4f22-b3d9-c4955399a1b2','db58c449-a519-412f-b7e5-65fbd13683fc','2026-05-05','2026-05-05 09:07:00','2026-05-05 18:07:00',8.00,'2026-06-16 09:40:52'),('77e940d8-8690-4067-b531-9d4609554cae','11af653f-2496-4f22-b3d9-c4955399a1b2','0dd53ca4-7dbc-4d4b-8280-236cde286c07','2026-06-08','2026-06-08 09:08:00','2026-06-08 18:08:00',8.00,'2026-06-16 09:40:52'),('78ad402c-4179-45a4-9b79-b67803674d4c','11af653f-2496-4f22-b3d9-c4955399a1b2','04cfc96d-b64e-42b3-aff9-17350040c040','2026-05-13','2026-05-13 09:21:00','2026-05-13 17:21:00',7.00,'2026-06-16 09:40:52'),('7a07ed71-8d50-4a4a-af9c-1702aa0615d5','11af653f-2496-4f22-b3d9-c4955399a1b2','04cfc96d-b64e-42b3-aff9-17350040c040','2026-04-16','2026-04-15 00:00:00','2026-04-15 00:00:00',0.00,'2026-06-16 09:40:52'),('7a10f2ad-22fe-438e-b707-79e61c916181','11af653f-2496-4f22-b3d9-c4955399a1b2','db58c449-a519-412f-b7e5-65fbd13683fc','2026-05-18','2026-05-18 09:07:00','2026-05-18 19:07:00',9.00,'2026-06-16 09:40:52'),('7a12e686-5691-4798-9081-4b7b60825079','11af653f-2496-4f22-b3d9-c4955399a1b2','db58c449-a519-412f-b7e5-65fbd13683fc','2026-04-15','2026-04-15 09:15:00','2026-04-15 19:15:00',9.00,'2026-06-16 09:40:52'),('7a4ad586-3244-4a6c-8b9f-0f4feab29ece','11af653f-2496-4f22-b3d9-c4955399a1b2','0dd53ca4-7dbc-4d4b-8280-236cde286c07','2026-06-15','2026-06-15 09:24:00','2026-06-15 18:24:00',8.00,'2026-06-16 09:40:52'),('7b08fd48-2cd9-446a-9acc-557ddd8aa919','11af653f-2496-4f22-b3d9-c4955399a1b2','04cfc96d-b64e-42b3-aff9-17350040c040','2026-05-11','2026-05-11 09:16:00','2026-05-11 18:16:00',8.00,'2026-06-16 09:40:52'),('7bc9d1b3-39a3-4b43-8d3c-83c77800a454','11af653f-2496-4f22-b3d9-c4955399a1b2','db58c449-a519-412f-b7e5-65fbd13683fc','2026-05-27','2026-05-27 09:08:00','2026-05-27 17:08:00',7.00,'2026-06-16 09:40:52'),('7c005a48-44e5-4948-82b9-5c21c69dd854','11af653f-2496-4f22-b3d9-c4955399a1b2','31f3ff82-d4ad-4716-9003-276246fbdace','2026-05-29','2026-05-29 09:23:00','2026-05-29 18:23:00',8.00,'2026-06-16 09:40:52'),('7cdc21f9-af1f-4e1f-a268-21e9f94af589','11af653f-2496-4f22-b3d9-c4955399a1b2','31f3ff82-d4ad-4716-9003-276246fbdace','2026-06-02','2026-06-02 09:22:00','2026-06-02 19:22:00',9.00,'2026-06-16 09:40:52'),('7d979fda-2da7-4432-a318-cbd164433deb','11af653f-2496-4f22-b3d9-c4955399a1b2','0dd53ca4-7dbc-4d4b-8280-236cde286c07','2026-04-29','2026-04-29 09:09:00','2026-04-29 19:09:00',9.00,'2026-06-16 09:40:52'),('7dcb94a9-428a-4aad-a7cc-8a2d06fccbb6','11af653f-2496-4f22-b3d9-c4955399a1b2','0dd53ca4-7dbc-4d4b-8280-236cde286c07','2026-04-17','2026-04-17 09:11:00','2026-04-17 18:11:00',8.00,'2026-06-16 09:40:52'),('7dcf175d-c1e5-4115-95e8-56526ba48966','11af653f-2496-4f22-b3d9-c4955399a1b2','db58c449-a519-412f-b7e5-65fbd13683fc','2026-06-09','2026-06-09 09:15:00','2026-06-09 18:15:00',8.00,'2026-06-16 09:40:52'),('7de263c1-5490-49a8-b135-4eb7ee9e8881','11af653f-2496-4f22-b3d9-c4955399a1b2','1f24012e-be87-46b4-8b93-b5ab618301ac','2026-06-09','2026-06-09 07:02:00','2026-06-09 17:02:00',10.00,'2026-06-16 09:40:52'),('7e298c66-8696-48fe-aee2-3aa6e8144ab6','11af653f-2496-4f22-b3d9-c4955399a1b2','db58c449-a519-412f-b7e5-65fbd13683fc','2026-05-28','2026-05-28 09:25:00','2026-05-28 17:25:00',7.00,'2026-06-16 09:40:52'),('7e3243d8-e1b1-445d-816b-ccabbfb46007','11af653f-2496-4f22-b3d9-c4955399a1b2','31f3ff82-d4ad-4716-9003-276246fbdace','2026-04-17','2026-04-17 09:05:00','2026-04-17 18:05:00',8.00,'2026-06-16 09:40:52'),('7ef156a9-c787-4c6e-a27d-faa7f443a8a5','11af653f-2496-4f22-b3d9-c4955399a1b2','1f24012e-be87-46b4-8b93-b5ab618301ac','2026-04-29','2026-04-29 09:06:00','2026-04-29 17:06:00',7.00,'2026-06-16 09:40:52'),('7f126e95-b69c-474f-86d4-cd18671c717b','11af653f-2496-4f22-b3d9-c4955399a1b2','04cfc96d-b64e-42b3-aff9-17350040c040','2026-05-12','2026-05-12 09:22:00','2026-05-12 17:22:00',7.00,'2026-06-16 09:40:52'),('7fc912d8-edbd-449b-827c-4617bece9eab','11af653f-2496-4f22-b3d9-c4955399a1b2','db58c449-a519-412f-b7e5-65fbd13683fc','2026-05-29','2026-05-29 09:08:00','2026-05-29 17:08:00',7.00,'2026-06-16 09:40:52'),('7fe820d4-a400-4fac-ae68-57c6e6609db6','11af653f-2496-4f22-b3d9-c4955399a1b2','0be27e37-5f6b-4bb8-b8e5-452552d9b68d','2026-06-30','2026-06-30 09:08:00','2026-06-30 17:08:00',7.00,'2026-06-16 09:40:52'),('802e7050-a12d-4ba7-9db1-52d0545ca41e','11af653f-2496-4f22-b3d9-c4955399a1b2','db58c449-a519-412f-b7e5-65fbd13683fc','2026-04-23','2026-04-23 09:19:00','2026-04-23 18:19:00',8.00,'2026-06-16 09:40:52'),('80825f1b-ce7d-4fab-9aa4-e65166880e21','11af653f-2496-4f22-b3d9-c4955399a1b2','db58c449-a519-412f-b7e5-65fbd13683fc','2026-04-29','2026-04-29 09:10:00','2026-04-29 18:10:00',8.00,'2026-06-16 09:40:52'),('81a302a7-2d07-4565-b747-5a1c0d1a892f','11af653f-2496-4f22-b3d9-c4955399a1b2','9d5bf750-8fa8-4f35-b606-b670bf130bd7','2026-06-17','2026-06-17 09:17:00','2026-06-17 18:17:00',8.00,'2026-06-16 09:40:52'),('81d1a402-56fb-428b-a9bb-d594c2b91bd2','11af653f-2496-4f22-b3d9-c4955399a1b2','0be27e37-5f6b-4bb8-b8e5-452552d9b68d','2026-04-02','2026-04-02 09:14:00','2026-04-02 19:14:00',9.00,'2026-06-16 09:40:52'),('82476ffb-5737-4a23-8425-aad445082397','11af653f-2496-4f22-b3d9-c4955399a1b2','04cfc96d-b64e-42b3-aff9-17350040c040','2026-04-15','2026-04-15 09:04:00','2026-04-15 18:04:00',8.00,'2026-06-16 09:40:52'),('856ef255-f1fc-4448-887b-c5c8c3a8923d','11af653f-2496-4f22-b3d9-c4955399a1b2','31f3ff82-d4ad-4716-9003-276246fbdace','2026-04-09','2026-04-09 09:07:00','2026-04-09 17:07:00',7.00,'2026-06-16 09:40:52'),('862f0356-1524-4d35-9043-b45395f8c9e3','11af653f-2496-4f22-b3d9-c4955399a1b2','31f3ff82-d4ad-4716-9003-276246fbdace','2026-04-20','2026-04-20 09:25:00','2026-04-20 17:25:00',7.00,'2026-06-16 09:40:52'),('8654d830-79da-4f94-8a51-f1d5c54c60ce','11af653f-2496-4f22-b3d9-c4955399a1b2','0be27e37-5f6b-4bb8-b8e5-452552d9b68d','2026-05-04','2026-05-04 09:02:00','2026-05-04 17:02:00',7.00,'2026-06-16 09:40:52'),('87773923-4d6e-42d8-ab5f-40bbb4f86fce','11af653f-2496-4f22-b3d9-c4955399a1b2','9d5bf750-8fa8-4f35-b606-b670bf130bd7','2026-04-22','2026-04-22 09:21:00','2026-04-22 17:21:00',7.00,'2026-06-16 09:40:52'),('87d05e41-278f-4ba9-afaa-493ac6ff6259','11af653f-2496-4f22-b3d9-c4955399a1b2','9d5bf750-8fa8-4f35-b606-b670bf130bd7','2026-04-27','2026-04-27 09:00:00','2026-04-27 18:00:00',8.00,'2026-06-16 09:40:52'),('894578c3-c3ba-484e-95fc-2088c3832514','11af653f-2496-4f22-b3d9-c4955399a1b2','0be27e37-5f6b-4bb8-b8e5-452552d9b68d','2026-06-11','2026-06-11 09:25:00','2026-06-11 18:25:00',8.00,'2026-06-16 09:40:52'),('8a916be8-0146-44da-a8a7-9fa7c322061a','11af653f-2496-4f22-b3d9-c4955399a1b2','1f24012e-be87-46b4-8b93-b5ab618301ac','2026-06-29','2026-06-29 09:21:00','2026-06-29 18:21:00',8.00,'2026-06-16 09:40:52'),('8b20e5e2-a652-42d4-a72d-17a9c343885c','11af653f-2496-4f22-b3d9-c4955399a1b2','31f3ff82-d4ad-4716-9003-276246fbdace','2026-04-06','2026-04-05 00:00:00','2026-04-05 00:00:00',0.00,'2026-06-16 09:40:52'),('8b3c713d-cdcf-4f83-b894-84bd95059c3a','11af653f-2496-4f22-b3d9-c4955399a1b2','db58c449-a519-412f-b7e5-65fbd13683fc','2026-05-19','2026-05-19 09:25:00','2026-05-19 18:25:00',8.00,'2026-06-16 09:40:52'),('8b47175e-dfb2-46f2-a862-d1baeed7da0f','11af653f-2496-4f22-b3d9-c4955399a1b2','04cfc96d-b64e-42b3-aff9-17350040c040','2026-06-18','2026-06-18 09:08:00','2026-06-18 19:08:00',9.00,'2026-06-16 09:40:52'),('8b924019-bf96-4c47-aa7a-4d46673ad6c8','11af653f-2496-4f22-b3d9-c4955399a1b2','31f3ff82-d4ad-4716-9003-276246fbdace','2026-06-09','2026-06-09 09:01:00','2026-06-09 18:01:00',8.00,'2026-06-16 09:40:52'),('8b9bd5ff-e016-4ee2-9a44-e5b40d31a891','11af653f-2496-4f22-b3d9-c4955399a1b2','0dd53ca4-7dbc-4d4b-8280-236cde286c07','2026-04-14','2026-04-14 09:27:00','2026-04-14 17:27:00',7.00,'2026-06-16 09:40:52'),('8c10c8e3-76af-4971-876e-53a841f0d9f7','11af653f-2496-4f22-b3d9-c4955399a1b2','9d5bf750-8fa8-4f35-b606-b670bf130bd7','2026-06-05','2026-06-05 09:23:00','2026-06-05 19:23:00',9.00,'2026-06-16 09:40:52'),('8d21cd5e-b994-44d8-ae31-85685bfb69b1','11af653f-2496-4f22-b3d9-c4955399a1b2','31f3ff82-d4ad-4716-9003-276246fbdace','2026-05-28','2026-05-28 09:24:00','2026-05-28 19:24:00',9.00,'2026-06-16 09:40:52'),('8e0f12f3-2590-4173-b958-8c7422fd8221','518d9500-0662-4960-89da-5e953148cbf8','b8080bb3-d75e-4e64-9727-4f6b6eb98ee4','2026-06-10','2026-06-10 09:00:00','2026-06-10 15:00:00',6.00,'2026-06-14 20:21:13'),('8e30e89c-525f-416d-8673-51b3957860a1','11af653f-2496-4f22-b3d9-c4955399a1b2','31f3ff82-d4ad-4716-9003-276246fbdace','2026-06-11','2026-06-11 09:13:00','2026-06-11 18:13:00',8.00,'2026-06-16 09:40:52'),('8fb32182-ca27-4dbc-a22f-663f0f7f27b0','11af653f-2496-4f22-b3d9-c4955399a1b2','0dd53ca4-7dbc-4d4b-8280-236cde286c07','2026-06-12','2026-06-12 09:17:00','2026-06-12 19:17:00',9.00,'2026-06-16 09:40:52'),('8fc00641-cfee-4bcd-88b3-d5f925efca2b','11af653f-2496-4f22-b3d9-c4955399a1b2','31f3ff82-d4ad-4716-9003-276246fbdace','2026-06-30','2026-06-30 09:11:00','2026-06-30 18:11:00',8.00,'2026-06-16 09:40:52'),('90997f31-9d75-4713-a3d4-c0d988879bab','11af653f-2496-4f22-b3d9-c4955399a1b2','9d5bf750-8fa8-4f35-b606-b670bf130bd7','2026-05-08','2026-05-08 09:26:00','2026-05-08 19:26:00',9.00,'2026-06-16 09:40:52'),('90dde965-a5e5-4575-a2a6-0cce86d6e653','11af653f-2496-4f22-b3d9-c4955399a1b2','31f3ff82-d4ad-4716-9003-276246fbdace','2026-05-11','2026-05-11 09:23:00','2026-05-11 19:23:00',9.00,'2026-06-16 09:40:52'),('9105ee1c-18af-44f7-892f-d5f2b093f81d','11af653f-2496-4f22-b3d9-c4955399a1b2','31f3ff82-d4ad-4716-9003-276246fbdace','2026-04-21','2026-04-21 09:19:00','2026-04-21 19:19:00',9.00,'2026-06-16 09:40:52'),('92659e2c-62d8-408e-a714-00aad5af0e22','11af653f-2496-4f22-b3d9-c4955399a1b2','0dd53ca4-7dbc-4d4b-8280-236cde286c07','2026-06-17','2026-06-17 09:17:00','2026-06-17 18:17:00',8.00,'2026-06-16 09:40:52'),('931bea0c-091f-4dce-be1f-76e66e041d09','11af653f-2496-4f22-b3d9-c4955399a1b2','31f3ff82-d4ad-4716-9003-276246fbdace','2026-05-19','2026-05-19 09:21:00','2026-05-19 17:21:00',7.00,'2026-06-16 09:40:52'),('93a57596-c6d1-4ea0-a997-70204c73dd64','11af653f-2496-4f22-b3d9-c4955399a1b2','04cfc96d-b64e-42b3-aff9-17350040c040','2026-05-22','2026-05-22 09:04:00','2026-05-22 17:04:00',7.00,'2026-06-16 09:40:52'),('93b8750f-d4b4-4d6f-9f64-22fb1eb795d7','11af653f-2496-4f22-b3d9-c4955399a1b2','db58c449-a519-412f-b7e5-65fbd13683fc','2026-05-11','2026-05-11 09:09:00','2026-05-11 19:09:00',9.00,'2026-06-16 09:40:52'),('94b5938c-7477-4dca-bf9b-9da6d9c3d039','11af653f-2496-4f22-b3d9-c4955399a1b2','0dd53ca4-7dbc-4d4b-8280-236cde286c07','2026-05-21','2026-05-21 09:09:00','2026-05-21 19:09:00',9.00,'2026-06-16 09:40:52'),('959357fa-4770-4a29-9442-5ba43977f0da','11af653f-2496-4f22-b3d9-c4955399a1b2','04cfc96d-b64e-42b3-aff9-17350040c040','2026-05-08','2026-05-08 09:15:00','2026-05-08 19:15:00',9.00,'2026-06-16 09:40:52'),('966d2dc9-13c8-40cf-9140-410b77f85eb5','11af653f-2496-4f22-b3d9-c4955399a1b2','0be27e37-5f6b-4bb8-b8e5-452552d9b68d','2026-04-28','2026-04-28 09:16:00','2026-04-28 19:16:00',9.00,'2026-06-16 09:40:52'),('97433710-1f41-4cc2-b326-b365802dfdde','11af653f-2496-4f22-b3d9-c4955399a1b2','04cfc96d-b64e-42b3-aff9-17350040c040','2026-04-08','2026-04-08 09:21:00','2026-04-08 17:21:00',7.00,'2026-06-16 09:40:52'),('99d8adac-af37-453a-9b7d-9174604d97cf','11af653f-2496-4f22-b3d9-c4955399a1b2','1f24012e-be87-46b4-8b93-b5ab618301ac','2026-06-13','2026-06-13 11:00:00','2026-06-13 21:00:00',10.00,'2026-06-16 13:57:31'),('9a6a588b-8f4b-4b86-b6e2-cc927575ad76','11af653f-2496-4f22-b3d9-c4955399a1b2','31f3ff82-d4ad-4716-9003-276246fbdace','2026-06-16','2026-06-16 09:01:00','2026-06-16 18:01:00',8.00,'2026-06-16 09:40:52'),('9ae2afa7-e361-4f1d-8935-30ba4500ff04','11af653f-2496-4f22-b3d9-c4955399a1b2','0dd53ca4-7dbc-4d4b-8280-236cde286c07','2026-04-16','2026-04-16 09:04:00','2026-04-16 19:04:00',9.00,'2026-06-16 09:40:52'),('9c2183c4-ed69-4024-80f8-ead5d883f83d','11af653f-2496-4f22-b3d9-c4955399a1b2','0dd53ca4-7dbc-4d4b-8280-236cde286c07','2026-05-07','2026-05-07 09:22:00','2026-05-07 17:22:00',7.00,'2026-06-16 09:40:52'),('9c473a4d-93f0-42af-9c8f-9ae4d30b8ea9','11af653f-2496-4f22-b3d9-c4955399a1b2','0dd53ca4-7dbc-4d4b-8280-236cde286c07','2026-04-28','2026-04-28 09:21:00','2026-04-28 19:21:00',9.00,'2026-06-16 09:40:52'),('9c6ad547-29a5-4eb0-a665-e910ebb2d09b','11af653f-2496-4f22-b3d9-c4955399a1b2','0dd53ca4-7dbc-4d4b-8280-236cde286c07','2026-06-02','2026-06-02 09:10:00','2026-06-02 19:10:00',9.00,'2026-06-16 09:40:52'),('9c715a99-42aa-4766-8760-1eeafd51bcc3','11af653f-2496-4f22-b3d9-c4955399a1b2','0dd53ca4-7dbc-4d4b-8280-236cde286c07','2026-04-03','2026-04-02 00:00:00','2026-04-02 00:00:00',0.00,'2026-06-16 09:40:52'),('9cbdcadb-e181-4985-9edc-83f02c9d4d85','11af653f-2496-4f22-b3d9-c4955399a1b2','1f24012e-be87-46b4-8b93-b5ab618301ac','2026-05-14','2026-05-14 09:03:00','2026-05-14 17:03:00',7.00,'2026-06-16 09:40:52'),('9dddf3d0-ad54-46b8-8c3e-f0966356d14c','11af653f-2496-4f22-b3d9-c4955399a1b2','9d5bf750-8fa8-4f35-b606-b670bf130bd7','2026-06-12','2026-06-12 09:19:00','2026-06-12 19:19:00',9.00,'2026-06-16 09:40:52'),('a0969836-a9f0-4989-9faf-a11da7ccc623','11af653f-2496-4f22-b3d9-c4955399a1b2','31f3ff82-d4ad-4716-9003-276246fbdace','2026-06-12','2026-06-12 09:18:00','2026-06-12 18:18:00',8.00,'2026-06-16 09:40:52'),('a2748a86-aa7e-4e92-bbf3-2c6d69eba5d4','11af653f-2496-4f22-b3d9-c4955399a1b2','0be27e37-5f6b-4bb8-b8e5-452552d9b68d','2026-04-09','2026-04-09 09:23:00','2026-04-09 19:23:00',9.00,'2026-06-16 09:40:52'),('a2a6bf2c-a900-4be0-9c3f-7100803950f3','11af653f-2496-4f22-b3d9-c4955399a1b2','31f3ff82-d4ad-4716-9003-276246fbdace','2026-06-17','2026-06-17 09:06:00','2026-06-17 19:06:00',9.00,'2026-06-16 09:40:52'),('a35eae7d-13c9-4c05-87f5-ccdb81829154','11af653f-2496-4f22-b3d9-c4955399a1b2','0dd53ca4-7dbc-4d4b-8280-236cde286c07','2026-06-01','2026-06-01 09:12:00','2026-06-01 18:12:00',8.00,'2026-06-16 09:40:52'),('a38d01d7-e33c-442a-9af8-8dff75063e4f','11af653f-2496-4f22-b3d9-c4955399a1b2','0be27e37-5f6b-4bb8-b8e5-452552d9b68d','2026-06-26','2026-06-26 09:29:00','2026-06-26 18:29:00',8.00,'2026-06-16 09:40:52'),('a401d844-418f-4981-b611-b74df85a658b','11af653f-2496-4f22-b3d9-c4955399a1b2','31f3ff82-d4ad-4716-9003-276246fbdace','2026-04-22','2026-04-22 09:00:00','2026-04-22 17:00:00',7.00,'2026-06-16 09:40:52'),('a45a18f2-a503-4589-9628-ace1373c6823','11af653f-2496-4f22-b3d9-c4955399a1b2','db58c449-a519-412f-b7e5-65fbd13683fc','2026-05-25','2026-05-24 00:00:00','2026-05-24 00:00:00',0.00,'2026-06-16 09:40:52'),('a5e11398-696f-4388-8c82-44f211b3ec0d','11af653f-2496-4f22-b3d9-c4955399a1b2','1f24012e-be87-46b4-8b93-b5ab618301ac','2026-05-27','2026-05-27 09:29:00','2026-05-27 18:29:00',8.00,'2026-06-16 09:40:52'),('a6f58760-c1e6-41f0-9ef7-b78434f1b7d1','11af653f-2496-4f22-b3d9-c4955399a1b2','1f24012e-be87-46b4-8b93-b5ab618301ac','2026-06-26','2026-06-26 09:02:00','2026-06-26 18:02:00',8.00,'2026-06-16 09:40:52'),('a6f64bcb-f5c8-455d-876b-ac223073418c','11af653f-2496-4f22-b3d9-c4955399a1b2','0be27e37-5f6b-4bb8-b8e5-452552d9b68d','2026-05-18','2026-05-18 09:22:00','2026-05-18 18:22:00',8.00,'2026-06-16 09:40:52'),('a71dacb5-7c25-41ca-81f5-ef116facfd8d','11af653f-2496-4f22-b3d9-c4955399a1b2','1f24012e-be87-46b4-8b93-b5ab618301ac','2026-06-02','2026-06-01 00:00:00','2026-06-01 00:00:00',0.00,'2026-06-16 09:40:52'),('a76b45cb-be82-4f1e-8e97-0f06ee11a487','11af653f-2496-4f22-b3d9-c4955399a1b2','1f24012e-be87-46b4-8b93-b5ab618301ac','2026-06-10','2026-06-10 09:19:00','2026-06-10 19:19:00',9.00,'2026-06-16 09:40:52'),('a7923291-d3b3-4178-8966-d0a6b7bb3ba3','11af653f-2496-4f22-b3d9-c4955399a1b2','db58c449-a519-412f-b7e5-65fbd13683fc','2026-04-24','2026-04-24 09:21:00','2026-04-24 17:21:00',7.00,'2026-06-16 09:40:52'),('a7ea025d-b007-416c-855c-df1132fa5c65','11af653f-2496-4f22-b3d9-c4955399a1b2','db58c449-a519-412f-b7e5-65fbd13683fc','2026-04-08','2026-04-08 09:06:00','2026-04-08 17:06:00',7.00,'2026-06-16 09:40:52'),('a8b90729-ef39-4790-902d-31c3788b968c','11af653f-2496-4f22-b3d9-c4955399a1b2','0be27e37-5f6b-4bb8-b8e5-452552d9b68d','2026-04-07','2026-04-07 09:19:00','2026-04-07 19:19:00',9.00,'2026-06-16 09:40:52'),('a91aa1db-5f42-4eb2-9fc0-390e3d4d8b01','11af653f-2496-4f22-b3d9-c4955399a1b2','9d5bf750-8fa8-4f35-b606-b670bf130bd7','2026-04-28','2026-04-28 09:17:00','2026-04-28 19:17:00',9.00,'2026-06-16 09:40:52'),('a967caf5-2cb1-4dd4-be8f-cfd3741aa4a2','11af653f-2496-4f22-b3d9-c4955399a1b2','0dd53ca4-7dbc-4d4b-8280-236cde286c07','2026-05-25','2026-05-25 09:13:00','2026-05-25 19:13:00',9.00,'2026-06-16 09:40:52'),('a9e017f4-2a9e-43c4-b98e-c7bc5a69298f','11af653f-2496-4f22-b3d9-c4955399a1b2','1f24012e-be87-46b4-8b93-b5ab618301ac','2026-05-04','2026-05-04 09:20:00','2026-05-04 18:20:00',8.00,'2026-06-16 09:40:52'),('aa82a7df-0018-4dfb-8efe-2382d742e356','11af653f-2496-4f22-b3d9-c4955399a1b2','9d5bf750-8fa8-4f35-b606-b670bf130bd7','2026-04-08','2026-04-08 09:10:00','2026-04-08 18:10:00',8.00,'2026-06-16 09:40:52'),('ab4db0ce-7574-4e8d-b64f-d2ad330d84e9','11af653f-2496-4f22-b3d9-c4955399a1b2','31f3ff82-d4ad-4716-9003-276246fbdace','2026-06-01','2026-06-01 09:06:00','2026-06-01 17:06:00',7.00,'2026-06-16 09:40:52'),('ac275a16-0358-4d60-a4d9-c3559e2296cf','11af653f-2496-4f22-b3d9-c4955399a1b2','31f3ff82-d4ad-4716-9003-276246fbdace','2026-04-08','2026-04-08 09:04:00','2026-04-08 17:04:00',7.00,'2026-06-16 09:40:52'),('ac2fe326-a287-4d01-a32a-72b83335864b','11af653f-2496-4f22-b3d9-c4955399a1b2','31f3ff82-d4ad-4716-9003-276246fbdace','2026-05-26','2026-05-26 09:29:00','2026-05-26 18:29:00',8.00,'2026-06-16 09:40:52'),('ac37287a-03ad-46da-8f27-474d7989f28e','11af653f-2496-4f22-b3d9-c4955399a1b2','04cfc96d-b64e-42b3-aff9-17350040c040','2026-04-27','2026-04-27 09:20:00','2026-04-27 18:20:00',8.00,'2026-06-16 09:40:52'),('adb6d09e-ad9d-4303-8495-c416cc691c7d','11af653f-2496-4f22-b3d9-c4955399a1b2','9d5bf750-8fa8-4f35-b606-b670bf130bd7','2026-05-11','2026-05-11 09:02:00','2026-05-11 19:02:00',9.00,'2026-06-16 09:40:52'),('ae4c8c79-9ccb-4ed9-80c3-2a24c9d69ca3','11af653f-2496-4f22-b3d9-c4955399a1b2','db58c449-a519-412f-b7e5-65fbd13683fc','2026-05-06','2026-05-06 09:22:00','2026-05-06 19:22:00',9.00,'2026-06-16 09:40:52'),('ae8b18e1-44ff-499b-8b91-e7d60c77c444','11af653f-2496-4f22-b3d9-c4955399a1b2','31f3ff82-d4ad-4716-9003-276246fbdace','2026-04-27','2026-04-27 09:00:00','2026-04-27 18:00:00',8.00,'2026-06-16 09:40:52'),('af35a651-5349-4b53-942b-e6cfb82905a9','11af653f-2496-4f22-b3d9-c4955399a1b2','0dd53ca4-7dbc-4d4b-8280-236cde286c07','2026-05-05','2026-05-05 09:16:00','2026-05-05 18:16:00',8.00,'2026-06-16 09:40:52'),('af5e2211-e0d5-469a-ba84-6577590889b4','11af653f-2496-4f22-b3d9-c4955399a1b2','db58c449-a519-412f-b7e5-65fbd13683fc','2026-04-14','2026-04-14 09:14:00','2026-04-14 17:14:00',7.00,'2026-06-16 09:40:52'),('b0b944eb-9d67-40b0-bec5-f3b5c72317a0','11af653f-2496-4f22-b3d9-c4955399a1b2','0dd53ca4-7dbc-4d4b-8280-236cde286c07','2026-05-11','2026-05-11 09:25:00','2026-05-11 18:25:00',8.00,'2026-06-16 09:40:52'),('b0f13025-3b4e-455e-ba86-a2074e8f6557','11af653f-2496-4f22-b3d9-c4955399a1b2','1f24012e-be87-46b4-8b93-b5ab618301ac','2026-04-01','2026-04-01 09:10:00','2026-04-01 18:10:00',8.00,'2026-06-16 09:40:52'),('b11b8e68-0579-48f0-a445-883c3f2899f5','11af653f-2496-4f22-b3d9-c4955399a1b2','0dd53ca4-7dbc-4d4b-8280-236cde286c07','2026-04-06','2026-04-06 09:11:00','2026-04-06 19:11:00',9.00,'2026-06-16 09:40:52'),('b12764bb-9b2d-47af-a98d-bcea2706aea0','11af653f-2496-4f22-b3d9-c4955399a1b2','db58c449-a519-412f-b7e5-65fbd13683fc','2026-06-26','2026-06-26 09:23:00','2026-06-26 17:23:00',7.00,'2026-06-16 09:40:52'),('b14a3619-430f-4778-be37-4d92892bf957','11af653f-2496-4f22-b3d9-c4955399a1b2','0dd53ca4-7dbc-4d4b-8280-236cde286c07','2026-05-14','2026-05-14 09:15:00','2026-05-14 18:15:00',8.00,'2026-06-16 09:40:52'),('b14ad9ee-c077-4d68-baa2-ef1c08d7690f','11af653f-2496-4f22-b3d9-c4955399a1b2','9d5bf750-8fa8-4f35-b606-b670bf130bd7','2026-06-11','2026-06-11 09:02:00','2026-06-11 19:02:00',9.00,'2026-06-16 09:40:52'),('b2564bea-713c-49c6-a9c3-2aad14c4b2ce','11af653f-2496-4f22-b3d9-c4955399a1b2','31f3ff82-d4ad-4716-9003-276246fbdace','2026-04-07','2026-04-07 09:28:00','2026-04-07 17:28:00',7.00,'2026-06-16 09:40:52'),('b29d7577-4847-4c20-ab49-be08345e60ff','11af653f-2496-4f22-b3d9-c4955399a1b2','0be27e37-5f6b-4bb8-b8e5-452552d9b68d','2026-05-20','2026-05-20 09:24:00','2026-05-20 18:24:00',8.00,'2026-06-16 09:40:52'),('b2f545cb-e6dd-44bc-9977-f6c79ad65805','11af653f-2496-4f22-b3d9-c4955399a1b2','31f3ff82-d4ad-4716-9003-276246fbdace','2026-05-05','2026-05-05 09:08:00','2026-05-05 17:08:00',7.00,'2026-06-16 09:40:52'),('b340b046-a057-468e-959e-eb592160b7c3','11af653f-2496-4f22-b3d9-c4955399a1b2','9d5bf750-8fa8-4f35-b606-b670bf130bd7','2026-04-15','2026-04-14 00:00:00','2026-04-14 00:00:00',0.00,'2026-06-16 09:40:52'),('b343159b-c09a-4890-acb9-93a2bc3c3457','11af653f-2496-4f22-b3d9-c4955399a1b2','1f24012e-be87-46b4-8b93-b5ab618301ac','2026-04-03','2026-04-03 09:27:00','2026-04-03 19:27:00',9.00,'2026-06-16 09:40:52'),('b344d4b7-9515-4dd7-972b-d611d0878c8c','11af653f-2496-4f22-b3d9-c4955399a1b2','9d5bf750-8fa8-4f35-b606-b670bf130bd7','2026-04-29','2026-04-29 09:13:00','2026-04-29 19:13:00',9.00,'2026-06-16 09:40:52'),('b3527ce5-a254-4e38-ae13-41b7fc79e2d0','11af653f-2496-4f22-b3d9-c4955399a1b2','1f24012e-be87-46b4-8b93-b5ab618301ac','2026-06-03','2026-06-03 09:28:00','2026-06-03 17:28:00',7.00,'2026-06-16 09:40:52'),('b36c6e7d-2236-4364-a102-e65a61868f86','11af653f-2496-4f22-b3d9-c4955399a1b2','31f3ff82-d4ad-4716-9003-276246fbdace','2026-04-29','2026-04-28 00:00:00','2026-04-28 00:00:00',0.00,'2026-06-16 09:40:52'),('b39f087e-df4d-4c0b-8278-45103ab1cd7a','11af653f-2496-4f22-b3d9-c4955399a1b2','04cfc96d-b64e-42b3-aff9-17350040c040','2026-06-03','2026-06-03 09:28:00','2026-06-03 19:28:00',9.00,'2026-06-16 09:40:52'),('b473e149-8655-4f26-996f-5415cf00114a','11af653f-2496-4f22-b3d9-c4955399a1b2','31f3ff82-d4ad-4716-9003-276246fbdace','2026-06-24','2026-06-24 09:16:00','2026-06-24 19:16:00',9.00,'2026-06-16 09:40:52'),('b496fac8-45cd-4895-a8ef-2d1f56d5336e','11af653f-2496-4f22-b3d9-c4955399a1b2','04cfc96d-b64e-42b3-aff9-17350040c040','2026-05-05','2026-05-05 09:20:00','2026-05-05 19:20:00',9.00,'2026-06-16 09:40:52'),('b561fba0-8053-4163-b048-9f9daf83808f','11af653f-2496-4f22-b3d9-c4955399a1b2','1f24012e-be87-46b4-8b93-b5ab618301ac','2026-05-05','2026-05-05 09:06:00','2026-05-05 18:06:00',8.00,'2026-06-16 09:40:52'),('b6e15e0a-5db8-40e8-b00f-4805c8c16899','11af653f-2496-4f22-b3d9-c4955399a1b2','31f3ff82-d4ad-4716-9003-276246fbdace','2026-04-15','2026-04-15 09:14:00','2026-04-15 18:14:00',8.00,'2026-06-16 09:40:52'),('b8fa3abe-5fdb-457e-a8a4-0bb59db68e86','518d9500-0662-4960-89da-5e953148cbf8','e0315d9a-b305-406b-bfeb-a7ac9504c4c9','2026-06-11','2026-06-11 09:00:00','2026-06-11 18:00:00',9.00,'2026-06-14 19:55:17'),('ba2c26cc-81c1-46fd-99e1-3740ac1177c7','11af653f-2496-4f22-b3d9-c4955399a1b2','04cfc96d-b64e-42b3-aff9-17350040c040','2026-05-19','2026-05-19 09:06:00','2026-05-19 18:06:00',8.00,'2026-06-16 09:40:52'),('bbfd0731-2c49-4f6d-b58b-66497b01787b','11af653f-2496-4f22-b3d9-c4955399a1b2','db58c449-a519-412f-b7e5-65fbd13683fc','2026-06-29','2026-06-29 09:21:00','2026-06-29 17:21:00',7.00,'2026-06-16 09:40:52'),('bc893be5-2790-4dd3-8521-3ac60f002f8e','11af653f-2496-4f22-b3d9-c4955399a1b2','9d5bf750-8fa8-4f35-b606-b670bf130bd7','2026-05-26','2026-05-26 09:00:00','2026-05-26 17:00:00',7.00,'2026-06-16 09:40:52'),('bd85ca9b-fb40-4753-8127-cea0a4130050','11af653f-2496-4f22-b3d9-c4955399a1b2','9d5bf750-8fa8-4f35-b606-b670bf130bd7','2026-06-24','2026-06-24 09:23:00','2026-06-24 19:23:00',9.00,'2026-06-16 09:40:52'),('be2c70f8-1ba6-46ad-93c7-563e01c87b50','11af653f-2496-4f22-b3d9-c4955399a1b2','31f3ff82-d4ad-4716-9003-276246fbdace','2026-04-02','2026-04-02 09:13:00','2026-04-02 18:13:00',8.00,'2026-06-16 09:40:52'),('be711449-b7cd-40a4-adc6-772adae98f77','11af653f-2496-4f22-b3d9-c4955399a1b2','9d5bf750-8fa8-4f35-b606-b670bf130bd7','2026-05-20','2026-05-19 00:00:00','2026-05-19 00:00:00',0.00,'2026-06-16 09:40:52'),('bea5617f-afb1-47c2-a536-9a377ac4a4ae','11af653f-2496-4f22-b3d9-c4955399a1b2','9d5bf750-8fa8-4f35-b606-b670bf130bd7','2026-06-02','2026-06-02 09:03:00','2026-06-02 17:03:00',7.00,'2026-06-16 09:40:52'),('beb4edbb-cacb-4eb7-98f2-ccdfb5b38ae6','11af653f-2496-4f22-b3d9-c4955399a1b2','1f24012e-be87-46b4-8b93-b5ab618301ac','2026-06-06','2026-06-06 11:00:00','2026-06-06 19:00:00',8.00,'2026-06-16 13:29:00'),('bf062331-1556-429e-b856-04e25677235e','11af653f-2496-4f22-b3d9-c4955399a1b2','31f3ff82-d4ad-4716-9003-276246fbdace','2026-05-04','2026-05-04 09:22:00','2026-05-04 19:22:00',9.00,'2026-06-16 09:40:52'),('bfbc24c1-6b97-48f1-b10f-a526120cc6f1','11af653f-2496-4f22-b3d9-c4955399a1b2','9d5bf750-8fa8-4f35-b606-b670bf130bd7','2026-05-22','2026-05-22 09:21:00','2026-05-22 19:21:00',9.00,'2026-06-16 09:40:52'),('c072866b-1fd9-41f2-a0ac-25e561c017e6','11af653f-2496-4f22-b3d9-c4955399a1b2','9d5bf750-8fa8-4f35-b606-b670bf130bd7','2026-05-29','2026-05-29 09:13:00','2026-05-29 17:13:00',7.00,'2026-06-16 09:40:52'),('c0ab520a-f0bc-4482-a5ef-0a2f528b48e9','11af653f-2496-4f22-b3d9-c4955399a1b2','0be27e37-5f6b-4bb8-b8e5-452552d9b68d','2026-06-25','2026-06-25 09:14:00','2026-06-25 18:14:00',8.00,'2026-06-16 09:40:52'),('c173f5e8-6cd2-49dc-bbbe-f96eef98948a','11af653f-2496-4f22-b3d9-c4955399a1b2','1f24012e-be87-46b4-8b93-b5ab618301ac','2026-05-21','2026-05-21 09:12:00','2026-05-21 17:12:00',7.00,'2026-06-16 09:40:52'),('c188767e-69a4-4969-8e3e-020d4fd8aa24','11af653f-2496-4f22-b3d9-c4955399a1b2','9d5bf750-8fa8-4f35-b606-b670bf130bd7','2026-06-01','2026-06-01 09:17:00','2026-06-01 18:17:00',8.00,'2026-06-16 09:40:52'),('c20f58aa-7759-41d1-9d69-e10b2bf541af','11af653f-2496-4f22-b3d9-c4955399a1b2','9d5bf750-8fa8-4f35-b606-b670bf130bd7','2026-04-10','2026-04-10 09:02:00','2026-04-10 17:02:00',7.00,'2026-06-16 09:40:52'),('c3034cfd-a2b6-401d-a4c1-9e23603a1e93','11af653f-2496-4f22-b3d9-c4955399a1b2','db58c449-a519-412f-b7e5-65fbd13683fc','2026-05-13','2026-05-13 09:18:00','2026-05-13 17:18:00',7.00,'2026-06-16 09:40:52'),('c418456e-13a9-4b3d-b03f-4d47bd83a030','11af653f-2496-4f22-b3d9-c4955399a1b2','04cfc96d-b64e-42b3-aff9-17350040c040','2026-04-01','2026-04-01 09:13:00','2026-04-01 19:13:00',9.00,'2026-06-16 09:40:52'),('c5896f1f-9c4d-42e3-9543-fb3cb5244901','11af653f-2496-4f22-b3d9-c4955399a1b2','db58c449-a519-412f-b7e5-65fbd13683fc','2026-06-17','2026-06-17 09:19:00','2026-06-17 18:19:00',8.00,'2026-06-16 09:40:52'),('c60071e5-15a9-41ba-b02c-5cf0e2e3d715','11af653f-2496-4f22-b3d9-c4955399a1b2','0be27e37-5f6b-4bb8-b8e5-452552d9b68d','2026-05-21','2026-05-21 09:11:00','2026-05-21 19:11:00',9.00,'2026-06-16 09:40:52'),('c787fd72-2091-4182-a6c2-b7f98421601e','11af653f-2496-4f22-b3d9-c4955399a1b2','04cfc96d-b64e-42b3-aff9-17350040c040','2026-06-02','2026-06-02 09:20:00','2026-06-02 20:50:00',11.50,'2026-06-16 09:40:52'),('c7d9444d-e541-4746-868d-cdf07693efd3','11af653f-2496-4f22-b3d9-c4955399a1b2','1f24012e-be87-46b4-8b93-b5ab618301ac','2026-05-08','2026-05-08 09:12:00','2026-05-08 19:12:00',9.00,'2026-06-16 09:40:52'),('c9972531-e3a0-4e89-89ac-488939fccf47','11af653f-2496-4f22-b3d9-c4955399a1b2','9d5bf750-8fa8-4f35-b606-b670bf130bd7','2026-04-03','2026-04-03 09:16:00','2026-04-03 18:16:00',8.00,'2026-06-16 09:40:52'),('c9d4a0a4-d99a-4b5e-9f44-ec161a77c6f4','11af653f-2496-4f22-b3d9-c4955399a1b2','0be27e37-5f6b-4bb8-b8e5-452552d9b68d','2026-06-23','2026-06-23 09:29:00','2026-06-23 18:29:00',8.00,'2026-06-16 09:40:52'),('ca1170ba-bb4b-44a5-9e6a-b3bf83c265b5','11af653f-2496-4f22-b3d9-c4955399a1b2','0dd53ca4-7dbc-4d4b-8280-236cde286c07','2026-04-07','2026-04-07 09:09:00','2026-04-07 17:09:00',7.00,'2026-06-16 09:40:52'),('cad058a0-ab73-4513-ab4d-66b7cbc0c93f','11af653f-2496-4f22-b3d9-c4955399a1b2','0dd53ca4-7dbc-4d4b-8280-236cde286c07','2026-04-23','2026-04-23 09:29:00','2026-04-23 18:29:00',8.00,'2026-06-16 09:40:52'),('cdc95a80-cc47-45ec-8bc3-a520287192f7','11af653f-2496-4f22-b3d9-c4955399a1b2','db58c449-a519-412f-b7e5-65fbd13683fc','2026-06-25','2026-06-25 09:06:00','2026-06-25 18:06:00',8.00,'2026-06-16 09:40:52'),('cdfa6887-0a8a-4b19-81c6-f31d7e5471b2','11af653f-2496-4f22-b3d9-c4955399a1b2','04cfc96d-b64e-42b3-aff9-17350040c040','2026-06-12','2026-06-12 09:27:00','2026-06-12 17:27:00',7.00,'2026-06-16 09:40:52'),('cedfe947-1254-4ddd-a671-06363fdd5890','11af653f-2496-4f22-b3d9-c4955399a1b2','0dd53ca4-7dbc-4d4b-8280-236cde286c07','2026-04-30','2026-04-30 09:04:00','2026-04-30 18:04:00',8.00,'2026-06-16 09:40:52'),('cf82bb06-de88-4caf-90dc-3d62e31ba45b','11af653f-2496-4f22-b3d9-c4955399a1b2','9d5bf750-8fa8-4f35-b606-b670bf130bd7','2026-06-09','2026-06-09 09:26:00','2026-06-09 18:26:00',8.00,'2026-06-16 09:40:52'),('cf9694f7-91c4-4ca9-bf1c-c150e19d9c6d','11af653f-2496-4f22-b3d9-c4955399a1b2','db58c449-a519-412f-b7e5-65fbd13683fc','2026-04-10','2026-04-10 09:19:00','2026-04-10 17:19:00',7.00,'2026-06-16 09:40:52'),('cff4438b-18c7-4e55-8204-ca34d742be31','11af653f-2496-4f22-b3d9-c4955399a1b2','9d5bf750-8fa8-4f35-b606-b670bf130bd7','2026-06-15','2026-06-14 00:00:00','2026-06-14 00:00:00',0.00,'2026-06-16 09:40:52'),('d0777b95-b6d2-4458-80cc-9423e7036a58','11af653f-2496-4f22-b3d9-c4955399a1b2','04cfc96d-b64e-42b3-aff9-17350040c040','2026-06-11','2026-06-11 09:27:00','2026-06-11 18:27:00',8.00,'2026-06-16 09:40:52'),('d1b46295-2f68-460a-b8a9-5b4b1289b046','11af653f-2496-4f22-b3d9-c4955399a1b2','31f3ff82-d4ad-4716-9003-276246fbdace','2026-04-01','2026-04-01 09:29:00','2026-04-01 19:29:00',9.00,'2026-06-16 09:40:52'),('d25b60ea-46d5-4e6d-9533-bbf96a35a4d0','11af653f-2496-4f22-b3d9-c4955399a1b2','1f24012e-be87-46b4-8b93-b5ab618301ac','2026-06-15','2026-06-15 09:04:00','2026-06-15 19:04:00',9.00,'2026-06-16 09:40:52'),('d39765e6-9089-4bc4-a5f8-bc12c975ea44','11af653f-2496-4f22-b3d9-c4955399a1b2','1f24012e-be87-46b4-8b93-b5ab618301ac','2026-05-28','2026-05-28 09:08:00','2026-05-28 17:08:00',7.00,'2026-06-16 09:40:52'),('d3b6f2ec-9c70-4cc3-b674-5c851852b680','11af653f-2496-4f22-b3d9-c4955399a1b2','0be27e37-5f6b-4bb8-b8e5-452552d9b68d','2026-04-03','2026-04-03 09:00:00','2026-04-03 18:00:00',8.00,'2026-06-16 09:40:52'),('d3c44f02-e6f1-4117-8ccd-e5d910cf3e03','11af653f-2496-4f22-b3d9-c4955399a1b2','9d5bf750-8fa8-4f35-b606-b670bf130bd7','2026-06-22','2026-06-22 09:25:00','2026-06-22 17:25:00',7.00,'2026-06-16 09:40:52'),('d48b2d56-e479-4513-8e68-86ae4f832b59','11af653f-2496-4f22-b3d9-c4955399a1b2','04cfc96d-b64e-42b3-aff9-17350040c040','2026-05-15','2026-05-15 09:17:00','2026-05-15 19:17:00',9.00,'2026-06-16 09:40:52'),('d4c79e89-a439-461b-ba04-ea6cd16897ab','11af653f-2496-4f22-b3d9-c4955399a1b2','db58c449-a519-412f-b7e5-65fbd13683fc','2026-05-12','2026-05-12 09:07:00','2026-05-12 17:07:00',7.00,'2026-06-16 09:40:52'),('d621f778-b96c-4c81-8c21-2cf51cd44743','11af653f-2496-4f22-b3d9-c4955399a1b2','9d5bf750-8fa8-4f35-b606-b670bf130bd7','2026-05-19','2026-05-18 00:00:00','2026-05-18 00:00:00',0.00,'2026-06-16 09:40:52'),('d7cf58d6-bfe5-4ff3-a5a2-8a7ed3264354','11af653f-2496-4f22-b3d9-c4955399a1b2','04cfc96d-b64e-42b3-aff9-17350040c040','2026-06-24','2026-06-24 09:12:00','2026-06-24 18:12:00',8.00,'2026-06-16 09:40:52'),('d7f37499-555f-48ba-8e07-9e5cd45245c3','11af653f-2496-4f22-b3d9-c4955399a1b2','0be27e37-5f6b-4bb8-b8e5-452552d9b68d','2026-06-17','2026-06-17 09:28:00','2026-06-17 18:28:00',8.00,'2026-06-16 09:40:52'),('d811b83c-c111-4ce4-860c-e324dce4c6d4','11af653f-2496-4f22-b3d9-c4955399a1b2','31f3ff82-d4ad-4716-9003-276246fbdace','2026-06-03','2026-06-03 09:17:00','2026-06-03 19:17:00',9.00,'2026-06-16 09:40:52'),('d90da418-f24a-4c8e-92ca-df30f7dbc0c8','11af653f-2496-4f22-b3d9-c4955399a1b2','1f24012e-be87-46b4-8b93-b5ab618301ac','2026-05-19','2026-05-19 09:06:00','2026-05-19 18:06:00',8.00,'2026-06-16 09:40:52'),('d95be6bd-b712-4414-9112-7c7a527108c3','11af653f-2496-4f22-b3d9-c4955399a1b2','31f3ff82-d4ad-4716-9003-276246fbdace','2026-06-05','2026-06-05 09:27:00','2026-06-05 18:27:00',8.00,'2026-06-16 09:40:52'),('da8816ee-7719-44b3-be6e-30f6ae9b83dd','11af653f-2496-4f22-b3d9-c4955399a1b2','db58c449-a519-412f-b7e5-65fbd13683fc','2026-06-01','2026-06-01 09:16:00','2026-06-01 19:16:00',9.00,'2026-06-16 09:34:23'),('dafaf49e-3ca7-4ba7-8886-d7cf43b9d2d6','11af653f-2496-4f22-b3d9-c4955399a1b2','0dd53ca4-7dbc-4d4b-8280-236cde286c07','2026-06-10','2026-06-10 09:18:00','2026-06-10 19:18:00',9.00,'2026-06-16 09:40:52'),('dbd5d09a-8277-4f90-8b0b-9077b0743f31','11af653f-2496-4f22-b3d9-c4955399a1b2','db58c449-a519-412f-b7e5-65fbd13683fc','2026-04-21','2026-04-21 09:05:00','2026-04-21 18:05:00',8.00,'2026-06-16 09:40:52'),('dc060b8e-1c09-4c5d-aec9-a97b941b1437','11af653f-2496-4f22-b3d9-c4955399a1b2','04cfc96d-b64e-42b3-aff9-17350040c040','2026-04-29','2026-04-29 09:07:00','2026-04-29 18:07:00',8.00,'2026-06-16 09:40:52'),('dcae23ee-412e-453c-9ba5-43fc76f08206','11af653f-2496-4f22-b3d9-c4955399a1b2','1f24012e-be87-46b4-8b93-b5ab618301ac','2026-05-25','2026-05-25 09:12:00','2026-05-25 17:12:00',7.00,'2026-06-16 09:40:52'),('dd0ff706-565e-4143-934e-373d16841c7f','11af653f-2496-4f22-b3d9-c4955399a1b2','31f3ff82-d4ad-4716-9003-276246fbdace','2026-06-23','2026-06-23 09:20:00','2026-06-23 17:20:00',7.00,'2026-06-16 09:40:52'),('de3fb9a5-f991-4830-8931-def57c00ebb9','11af653f-2496-4f22-b3d9-c4955399a1b2','1f24012e-be87-46b4-8b93-b5ab618301ac','2026-04-28','2026-04-28 09:10:00','2026-04-28 19:10:00',9.00,'2026-06-16 09:40:52'),('df44e816-a507-4c31-8535-08d919e7f005','11af653f-2496-4f22-b3d9-c4955399a1b2','db58c449-a519-412f-b7e5-65fbd13683fc','2026-04-13','2026-04-13 09:19:00','2026-04-13 19:19:00',9.00,'2026-06-16 09:40:52'),('df681273-39fd-4760-9c50-ae9290063b4c','11af653f-2496-4f22-b3d9-c4955399a1b2','04cfc96d-b64e-42b3-aff9-17350040c040','2026-06-09','2026-06-09 09:16:00','2026-06-09 19:16:00',9.00,'2026-06-16 09:40:52'),('df764672-cf31-4986-9f71-ba3405b69676','11af653f-2496-4f22-b3d9-c4955399a1b2','31f3ff82-d4ad-4716-9003-276246fbdace','2026-05-18','2026-05-18 09:11:00','2026-05-18 18:11:00',8.00,'2026-06-16 09:40:52'),('e10ad4df-359b-4865-8acb-17d142744cfc','11af653f-2496-4f22-b3d9-c4955399a1b2','0dd53ca4-7dbc-4d4b-8280-236cde286c07','2026-04-15','2026-04-15 09:19:00','2026-04-15 19:19:00',9.00,'2026-06-16 09:40:52'),('e119e5a5-be6a-4382-8e6e-c0c7bf1f821b','11af653f-2496-4f22-b3d9-c4955399a1b2','0dd53ca4-7dbc-4d4b-8280-236cde286c07','2026-05-20','2026-05-20 09:28:00','2026-05-20 17:28:00',7.00,'2026-06-16 09:40:52'),('e1c544a6-3b6b-4d68-86d0-33cd12a203ff','11af653f-2496-4f22-b3d9-c4955399a1b2','0be27e37-5f6b-4bb8-b8e5-452552d9b68d','2026-06-03','2026-06-03 09:29:00','2026-06-03 17:29:00',7.00,'2026-06-16 09:40:52'),('e1d6bf07-e64b-42e3-a9ad-2ecb7ad6361d','11af653f-2496-4f22-b3d9-c4955399a1b2','1f24012e-be87-46b4-8b93-b5ab618301ac','2026-04-07','2026-04-07 09:03:00','2026-04-07 19:03:00',9.00,'2026-06-16 09:40:52'),('e2099aeb-4ecd-484d-845e-1ab69e5aaed1','11af653f-2496-4f22-b3d9-c4955399a1b2','04cfc96d-b64e-42b3-aff9-17350040c040','2026-04-14','2026-04-14 09:26:00','2026-04-14 17:26:00',7.00,'2026-06-16 09:40:52'),('e2bac7f1-7355-458c-af82-82dcff4b2d87','11af653f-2496-4f22-b3d9-c4955399a1b2','1f24012e-be87-46b4-8b93-b5ab618301ac','2026-06-04','2026-06-04 09:11:00','2026-06-04 18:11:00',8.00,'2026-06-16 09:40:52'),('e43fbffe-2b12-4127-a2de-6e0434091259','11af653f-2496-4f22-b3d9-c4955399a1b2','0be27e37-5f6b-4bb8-b8e5-452552d9b68d','2026-06-19','2026-06-19 09:04:00','2026-06-19 17:04:00',7.00,'2026-06-16 09:40:52'),('e469a11c-9ba6-40b1-9f98-67f52778a1b7','11af653f-2496-4f22-b3d9-c4955399a1b2','04cfc96d-b64e-42b3-aff9-17350040c040','2026-04-17','2026-04-17 09:05:00','2026-04-17 17:05:00',7.00,'2026-06-16 09:40:52'),('e59db0aa-a7ba-4b40-93d4-690eb2db008a','11af653f-2496-4f22-b3d9-c4955399a1b2','9d5bf750-8fa8-4f35-b606-b670bf130bd7','2026-04-02','2026-04-02 09:16:00','2026-04-02 19:16:00',9.00,'2026-06-16 09:40:52'),('e5efc787-8c43-4b77-a947-339c84bd433d','11af653f-2496-4f22-b3d9-c4955399a1b2','0dd53ca4-7dbc-4d4b-8280-236cde286c07','2026-05-06','2026-05-06 09:16:00','2026-05-06 18:16:00',8.00,'2026-06-16 09:40:52'),('e70c0d6f-31ad-4492-9f38-60b3738e9b0a','11af653f-2496-4f22-b3d9-c4955399a1b2','db58c449-a519-412f-b7e5-65fbd13683fc','2026-06-03','2026-06-02 00:00:00','2026-06-02 00:00:00',0.00,'2026-06-16 09:40:52'),('e8904cf1-302f-49f3-aad9-3008495357e2','11af653f-2496-4f22-b3d9-c4955399a1b2','0be27e37-5f6b-4bb8-b8e5-452552d9b68d','2026-04-16','2026-04-16 09:01:00','2026-04-16 18:01:00',8.00,'2026-06-16 09:40:52'),('e8fd2d10-c3f3-46e7-9068-aa044a1aa6d0','11af653f-2496-4f22-b3d9-c4955399a1b2','0be27e37-5f6b-4bb8-b8e5-452552d9b68d','2026-05-27','2026-05-27 09:25:00','2026-05-27 18:25:00',8.00,'2026-06-16 09:40:52'),('e9b4c68e-9bf8-4a67-a98c-07fbaa87eebd','11af653f-2496-4f22-b3d9-c4955399a1b2','0dd53ca4-7dbc-4d4b-8280-236cde286c07','2026-05-12','2026-05-11 00:00:00','2026-05-11 00:00:00',0.00,'2026-06-16 09:40:52'),('e9ed6894-e43e-4bbf-bce2-48d5754d1ce4','11af653f-2496-4f22-b3d9-c4955399a1b2','db58c449-a519-412f-b7e5-65fbd13683fc','2026-06-24','2026-06-24 09:07:00','2026-06-24 17:07:00',7.00,'2026-06-16 09:40:52'),('eb4c4b00-41d9-4dcf-9b07-9a2d60b8a1e5','11af653f-2496-4f22-b3d9-c4955399a1b2','9d5bf750-8fa8-4f35-b606-b670bf130bd7','2026-05-13','2026-05-13 09:02:00','2026-05-13 17:02:00',7.00,'2026-06-16 09:40:52'),('ecadb43f-ea94-45dc-a51a-009b6ce30227','11af653f-2496-4f22-b3d9-c4955399a1b2','9d5bf750-8fa8-4f35-b606-b670bf130bd7','2026-04-23','2026-04-23 09:24:00','2026-04-23 18:24:00',8.00,'2026-06-16 09:40:52'),('ed2b059d-e162-4e25-b7ef-506a8fb94657','11af653f-2496-4f22-b3d9-c4955399a1b2','9d5bf750-8fa8-4f35-b606-b670bf130bd7','2026-04-06','2026-04-06 09:19:00','2026-04-06 17:19:00',7.00,'2026-06-16 09:40:52'),('ee3e9dd6-1df6-4791-9bed-9f5fbc7b821d','11af653f-2496-4f22-b3d9-c4955399a1b2','9d5bf750-8fa8-4f35-b606-b670bf130bd7','2026-06-04','2026-06-03 00:00:00','2026-06-03 00:00:00',0.00,'2026-06-16 09:40:52'),('ee478775-dbb0-4708-b533-ab0f467d51b3','11af653f-2496-4f22-b3d9-c4955399a1b2','0dd53ca4-7dbc-4d4b-8280-236cde286c07','2026-04-13','2026-04-13 09:14:00','2026-04-13 19:14:00',9.00,'2026-06-16 09:40:52'),('ee6dd1bd-f38c-4756-9087-b5e18bef5697','11af653f-2496-4f22-b3d9-c4955399a1b2','db58c449-a519-412f-b7e5-65fbd13683fc','2026-05-01','2026-05-01 09:25:00','2026-05-01 17:25:00',7.00,'2026-06-16 09:40:52'),('f0184b96-c41a-45d8-9b51-c74f30238a76','11af653f-2496-4f22-b3d9-c4955399a1b2','db58c449-a519-412f-b7e5-65fbd13683fc','2026-04-07','2026-04-07 09:28:00','2026-04-07 18:28:00',8.00,'2026-06-16 09:40:52'),('f11a1d5c-6520-46cb-814d-3bedcb1a9c8c','11af653f-2496-4f22-b3d9-c4955399a1b2','04cfc96d-b64e-42b3-aff9-17350040c040','2026-04-13','2026-04-13 09:13:00','2026-04-13 18:13:00',8.00,'2026-06-16 09:40:52'),('f14a8a1e-5c30-48df-98f2-16c1218951d5','11af653f-2496-4f22-b3d9-c4955399a1b2','0dd53ca4-7dbc-4d4b-8280-236cde286c07','2026-05-01','2026-05-01 09:11:00','2026-05-01 18:11:00',8.00,'2026-06-16 09:40:52'),('f1fe7db3-396b-4b3c-811e-5774837bda0c','11af653f-2496-4f22-b3d9-c4955399a1b2','1f24012e-be87-46b4-8b93-b5ab618301ac','2026-04-20','2026-04-20 09:24:00','2026-04-20 17:24:00',7.00,'2026-06-16 09:40:52'),('f221af71-814b-4be4-acdd-90a007702be6','11af653f-2496-4f22-b3d9-c4955399a1b2','0dd53ca4-7dbc-4d4b-8280-236cde286c07','2026-06-16','2026-06-16 09:06:00','2026-06-16 17:06:00',7.00,'2026-06-16 09:40:52'),('f463b4b9-a1a3-4eb0-9183-613886e322e5','11af653f-2496-4f22-b3d9-c4955399a1b2','1f24012e-be87-46b4-8b93-b5ab618301ac','2026-06-23','2026-06-23 09:09:00','2026-06-23 19:09:00',9.00,'2026-06-16 09:40:52'),('f55c93ec-2943-4633-a76c-ce9b54933ffe','11af653f-2496-4f22-b3d9-c4955399a1b2','0be27e37-5f6b-4bb8-b8e5-452552d9b68d','2026-04-17','2026-04-17 09:29:00','2026-04-17 17:29:00',7.00,'2026-06-16 09:40:52'),('f5c1135d-2c3c-4a7b-9505-a9ffe457d1b0','11af653f-2496-4f22-b3d9-c4955399a1b2','04cfc96d-b64e-42b3-aff9-17350040c040','2026-04-22','2026-04-22 09:05:00','2026-04-22 17:05:00',7.00,'2026-06-16 09:40:52'),('f5d7d501-2322-4955-ad04-5edc5b5ae891','11af653f-2496-4f22-b3d9-c4955399a1b2','1f24012e-be87-46b4-8b93-b5ab618301ac','2026-06-11','2026-06-11 09:24:00','2026-06-11 17:24:00',7.00,'2026-06-16 09:40:52'),('f5f0b6d4-8ba4-42ad-a639-6588711db124','11af653f-2496-4f22-b3d9-c4955399a1b2','0be27e37-5f6b-4bb8-b8e5-452552d9b68d','2026-06-10','2026-06-10 09:11:00','2026-06-10 18:11:00',8.00,'2026-06-16 09:40:52'),('f5f0c0ac-1f16-481f-a72c-9da6c51bee67','11af653f-2496-4f22-b3d9-c4955399a1b2','1f24012e-be87-46b4-8b93-b5ab618301ac','2026-04-10','2026-04-10 09:28:00','2026-04-10 18:28:00',8.00,'2026-06-16 09:40:52'),('f655de9d-9443-40ca-938d-ea844c25717d','11af653f-2496-4f22-b3d9-c4955399a1b2','1f24012e-be87-46b4-8b93-b5ab618301ac','2026-06-18','2026-06-18 09:23:00','2026-06-18 18:23:00',8.00,'2026-06-16 09:40:52'),('f68a0985-41aa-4e84-9f3e-5e68be85c8d4','11af653f-2496-4f22-b3d9-c4955399a1b2','1f24012e-be87-46b4-8b93-b5ab618301ac','2026-06-17','2026-06-17 09:03:00','2026-06-17 19:03:00',9.00,'2026-06-16 09:40:52'),('f6a681df-a7e4-4c69-8732-dc09ce5c2b83','11af653f-2496-4f22-b3d9-c4955399a1b2','1f24012e-be87-46b4-8b93-b5ab618301ac','2026-04-13','2026-04-12 00:00:00','2026-04-12 00:00:00',0.00,'2026-06-16 09:40:52'),('f7b8b399-90af-46f6-a9f7-233147bc0efb','11af653f-2496-4f22-b3d9-c4955399a1b2','1f24012e-be87-46b4-8b93-b5ab618301ac','2026-05-29','2026-05-29 09:23:00','2026-05-29 17:23:00',7.00,'2026-06-16 09:40:52'),('f8eac84e-be48-457d-a66a-f00b6ea9d9d3','11af653f-2496-4f22-b3d9-c4955399a1b2','1f24012e-be87-46b4-8b93-b5ab618301ac','2026-04-06','2026-04-06 09:01:00','2026-04-06 19:01:00',9.00,'2026-06-16 09:40:52'),('f94f1f20-1c8c-4f92-9ce8-646ff1d44052','11af653f-2496-4f22-b3d9-c4955399a1b2','31f3ff82-d4ad-4716-9003-276246fbdace','2026-04-03','2026-04-03 09:06:00','2026-04-03 18:06:00',8.00,'2026-06-16 09:40:52'),('fb6f2b0d-598a-4c33-a00f-209cd8d8cd62','11af653f-2496-4f22-b3d9-c4955399a1b2','0dd53ca4-7dbc-4d4b-8280-236cde286c07','2026-05-29','2026-05-29 09:08:00','2026-05-29 17:08:00',7.00,'2026-06-16 09:40:52'),('fc3ffa1d-5785-4847-839b-ab629185c693','11af653f-2496-4f22-b3d9-c4955399a1b2','db58c449-a519-412f-b7e5-65fbd13683fc','2026-06-15','2026-06-15 09:21:00','2026-06-15 19:21:00',9.00,'2026-06-16 09:40:52'),('fc74f126-2466-47ac-a622-52271c1a3a28','11af653f-2496-4f22-b3d9-c4955399a1b2','0dd53ca4-7dbc-4d4b-8280-236cde286c07','2026-06-22','2026-06-22 09:03:00','2026-06-22 17:03:00',7.00,'2026-06-16 09:40:52'),('fcf37765-9809-434c-abe4-5c174b300e44','518d9500-0662-4960-89da-5e953148cbf8','e0315d9a-b305-406b-bfeb-a7ac9504c4c9','2026-06-04','2026-06-04 00:00:00','2026-06-04 00:00:00',0.00,'2026-06-14 20:38:14'),('fe718a58-ab1d-4273-82cd-cc928034f360','11af653f-2496-4f22-b3d9-c4955399a1b2','0dd53ca4-7dbc-4d4b-8280-236cde286c07','2026-04-22','2026-04-22 09:16:00','2026-04-22 17:16:00',7.00,'2026-06-16 09:40:52'),('fed3d04e-b533-400b-95d2-ec70b81d796c','11af653f-2496-4f22-b3d9-c4955399a1b2','04cfc96d-b64e-42b3-aff9-17350040c040','2026-06-19','2026-06-19 09:14:00','2026-06-19 19:14:00',9.00,'2026-06-16 09:40:52');
/*!40000 ALTER TABLE `attendance` ENABLE KEYS */;
UNLOCK TABLES;

--
-- Table structure for table `balance_sheet`
--

DROP TABLE IF EXISTS `balance_sheet`;
/*!40101 SET @saved_cs_client     = @@character_set_client */;
/*!50503 SET character_set_client = utf8mb4 */;
CREATE TABLE `balance_sheet` (
  `id` varchar(36) NOT NULL,
  `tenant_id` varchar(36) NOT NULL,
  `type` enum('IN','OUT') NOT NULL,
  `payment_method` enum('cash','online') NOT NULL,
  `amount` int NOT NULL COMMENT 'in cents',
  `description` text,
  `entry_date` date NOT NULL,
  `created_by` varchar(36) NOT NULL,
  `created_at` timestamp NULL DEFAULT CURRENT_TIMESTAMP,
  `updated_at` timestamp NULL DEFAULT CURRENT_TIMESTAMP ON UPDATE CURRENT_TIMESTAMP,
  PRIMARY KEY (`id`),
  KEY `idx_tenant` (`tenant_id`),
  KEY `idx_date` (`entry_date`),
  KEY `idx_type` (`type`)
) ENGINE=InnoDB DEFAULT CHARSET=utf8mb4 COLLATE=utf8mb4_0900_ai_ci;
/*!40101 SET character_set_client = @saved_cs_client */;

--
-- Dumping data for table `balance_sheet`
--

LOCK TABLES `balance_sheet` WRITE;
/*!40000 ALTER TABLE `balance_sheet` DISABLE KEYS */;
INSERT INTO `balance_sheet` VALUES ('07d84b66-a1d4-43fe-b8f7-bbb13dad42b6','11af653f-2496-4f22-b3d9-c4955399a1b2','OUT','online',242300,'ddfdsf','2026-06-17','46c63452-415e-4589-86b6-01552fdbb69f','2026-06-18 19:29:16','2026-06-18 19:29:22'),('5b65b2bf-3404-4b3d-9cfa-b45562f4b4da','11af653f-2496-4f22-b3d9-c4955399a1b2','IN','cash',3400,'sdfsdf','2026-06-18','46c63452-415e-4589-86b6-01552fdbb69f','2026-06-18 19:28:05','2026-06-18 19:28:05'),('84c893f5-faa1-4214-8541-07c47d480aff','11af653f-2496-4f22-b3d9-c4955399a1b2','IN','cash',3500,'rtert','2026-06-18','46c63452-415e-4589-86b6-01552fdbb69f','2026-06-18 19:26:47','2026-06-18 19:26:47');
/*!40000 ALTER TABLE `balance_sheet` ENABLE KEYS */;
UNLOCK TABLES;

--
-- Table structure for table `customers`
--

DROP TABLE IF EXISTS `customers`;
/*!40101 SET @saved_cs_client     = @@character_set_client */;
/*!50503 SET character_set_client = utf8mb4 */;
CREATE TABLE `customers` (
  `id` varchar(36) NOT NULL,
  `tenant_id` varchar(36) NOT NULL,
  `name` varchar(255) NOT NULL,
  `contact_person` varchar(255) DEFAULT NULL,
  `email` varchar(255) DEFAULT NULL,
  `phone` varchar(50) DEFAULT NULL,
  `address` text,
  `city` varchar(100) DEFAULT NULL,
  `state` varchar(100) DEFAULT NULL,
  `pincode` varchar(20) DEFAULT NULL,
  `gstin` varchar(50) DEFAULT NULL,
  `credit_limit` int DEFAULT '0',
  `payment_terms` varchar(100) DEFAULT NULL,
  `status` enum('active','inactive') DEFAULT 'active',
  `notes` text,
  `created_at` timestamp NULL DEFAULT CURRENT_TIMESTAMP,
  `updated_at` timestamp NULL DEFAULT CURRENT_TIMESTAMP ON UPDATE CURRENT_TIMESTAMP,
  PRIMARY KEY (`id`),
  KEY `tenant_id` (`tenant_id`),
  CONSTRAINT `customers_ibfk_1` FOREIGN KEY (`tenant_id`) REFERENCES `tenants` (`id`) ON DELETE CASCADE
) ENGINE=InnoDB DEFAULT CHARSET=utf8mb4 COLLATE=utf8mb4_0900_ai_ci;
/*!40101 SET character_set_client = @saved_cs_client */;

--
-- Dumping data for table `customers`
--

LOCK TABLES `customers` WRITE;
/*!40000 ALTER TABLE `customers` DISABLE KEYS */;
INSERT INTO `customers` VALUES ('01987126-11f8-4401-aafb-10748fa74caa','11af653f-2496-4f22-b3d9-c4955399a1b2','Farm-to-Fork Cafes','Deepa Krishnan','deepa@farmtofork.in','+91-9876500007','Koramangala 4th Block','Bengaluru','Karnataka','560034','29AAACG5678S1LK',10000000,'Net 30','active',NULL,'2026-06-16 10:16:14','2026-06-16 19:21:14'),('2a7c6a8b-b34a-4477-bf1d-6d67f67130e1','11af653f-2496-4f22-b3d9-c4955399a1b2','FreshMart Retail Chain','Suresh Menon','suresh@freshmart.in','+91-9876500001','MG Road, Camp','Pune','Maharashtra','411001','27AAACF1234L1RQ',50000000,'Net 30','active',NULL,'2026-06-16 10:16:14','2026-06-16 10:16:14'),('621291d2-2ab5-40ac-b394-a743f7606e8c','11af653f-2496-4f22-b3d9-c4955399a1b2','GreenBasket Online','Kavita Iyer','kavita@greenbasket.in','+91-9876500002','3rd Floor, Tech Park','Bengaluru','Karnataka','560100','29AAACG5678M1QP',30000000,'Net 45','inactive',NULL,'2026-06-16 10:16:14','2026-06-16 19:16:04'),('b3c14385-26d9-4e82-8561-9cb93bb01347','11af653f-2496-4f22-b3d9-c4955399a1b2','PureHarvest Exports','Arun Nair','arun@pureharvest.in','+91-9876500006','Export Zone, Kakkanad','Kochi','Kerala','682030','32AAACF1234R1ML',100000000,'Net 60','active',NULL,'2026-06-16 10:16:14','2026-06-16 10:16:14'),('bb2b0007-1c05-4609-8dd0-1fe8077fc7fd','11af653f-2496-4f22-b3d9-c4955399a1b2','Nature\'s Basket Supermarkets','Rohit Shetty','rohit@naturesbasket.in','+91-9876500004','Linking Road, Bandra','Mumbai','Maharashtra','400050','27AAACD3456P1ON',75000000,'Net 60','active',NULL,'2026-06-16 10:16:14','2026-06-16 10:16:14'),('d002ac1b-b06c-4239-9d1f-0568eb65a692','11af653f-2496-4f22-b3d9-c4955399a1b2','DailyFresh Distributors','Sunil Verma','sunil@dailyfresh.in','+91-9876500005','Grain Market, Mandi','Chandigarh','Punjab','160001','04AAACE7890Q1NM',20000000,'Net 30','active',NULL,'2026-06-16 10:16:14','2026-06-16 10:16:14'),('d253fd01-bae9-40f5-bec8-a64d04e395ae','11af653f-2496-4f22-b3d9-c4955399a1b2','EcoFeast Catering','Gaurav Jain','gaurav@ecofeast.in','+91-9876500008','Civil Lines','Jaipur','Rajasthan','302001','08AAACH9012T1KJ',8000000,'Net 45','active',NULL,'2026-06-16 10:16:14','2026-06-16 10:16:14'),('d4b2f0e6-f956-411c-9da5-4a7231370e74','11af653f-2496-4f22-b3d9-c4955399a1b2','Wholesome Grains Pvt Ltd','Pooja Agarwal','pooja@wholesome.in','+91-9876500009','Sector 14, Kharar','Mohali','Punjab','140301','03AAACI3456U1JI',40000000,'Net 30','active',NULL,'2026-06-16 10:16:14','2026-06-16 10:16:14'),('e4fb05ee-0a8e-4ae9-85a5-c256ac04fd35','11af653f-2496-4f22-b3d9-c4955399a1b2','Organic Bazaar','Mohan Das','mohan@organicbazaar.in','+91-9876500003','Temple Road, Vyttila','Kochi','Kerala','682019','32AAACH9012N1PO',15000000,'Net 30','active',NULL,'2026-06-16 10:16:14','2026-06-16 10:16:14'),('fb425d6b-1bdd-46a3-892d-b074695a782c','11af653f-2496-4f22-b3d9-c4955399a1b2','Terra Greens Hospitality','Vivek Saxena','vivek@terragreens.in','+91-9876500010','Gomti Nagar Extension','Lucknow','Uttar Pradesh','226010','09AAACJ7890V1IH',12000000,'Net 45','active',NULL,'2026-06-16 10:16:14','2026-06-16 10:16:14');
/*!40000 ALTER TABLE `customers` ENABLE KEYS */;
UNLOCK TABLES;

--
-- Table structure for table `employee_advances`
--

DROP TABLE IF EXISTS `employee_advances`;
/*!40101 SET @saved_cs_client     = @@character_set_client */;
/*!50503 SET character_set_client = utf8mb4 */;
CREATE TABLE `employee_advances` (
  `id` varchar(36) NOT NULL,
  `tenant_id` varchar(36) NOT NULL,
  `employee_id` varchar(36) NOT NULL,
  `amount` int NOT NULL COMMENT 'in cents',
  `remaining_balance` int NOT NULL COMMENT 'in cents',
  `reason` text,
  `status` enum('pending','approved','rejected','fully_paid') NOT NULL DEFAULT 'pending',
  `approved_by` varchar(36) DEFAULT NULL,
  `approved_at` timestamp NULL DEFAULT NULL,
  `created_at` timestamp NULL DEFAULT CURRENT_TIMESTAMP,
  `updated_at` timestamp NULL DEFAULT CURRENT_TIMESTAMP ON UPDATE CURRENT_TIMESTAMP,
  PRIMARY KEY (`id`),
  KEY `idx_tenant` (`tenant_id`),
  KEY `idx_employee` (`employee_id`),
  KEY `idx_status` (`status`),
  CONSTRAINT `employee_advances_ibfk_1` FOREIGN KEY (`employee_id`) REFERENCES `employees` (`id`) ON DELETE CASCADE
) ENGINE=InnoDB DEFAULT CHARSET=utf8mb4 COLLATE=utf8mb4_0900_ai_ci;
/*!40101 SET character_set_client = @saved_cs_client */;

--
-- Dumping data for table `employee_advances`
--

LOCK TABLES `employee_advances` WRITE;
/*!40000 ALTER TABLE `employee_advances` DISABLE KEYS */;
INSERT INTO `employee_advances` VALUES ('055092c8-5b5d-4aac-8e7a-52314acc7e37','11af653f-2496-4f22-b3d9-c4955399a1b2','1f24012e-be87-46b4-8b93-b5ab618301ac',500000,500000,'home emergency','approved','46c63452-415e-4589-86b6-01552fdbb69f','2026-06-18 18:49:15','2026-06-18 18:49:15','2026-06-18 18:49:15'),('2d6b375b-92d8-4874-adc9-8b55414e42a7','11af653f-2496-4f22-b3d9-c4955399a1b2','04cfc96d-b64e-42b3-aff9-17350040c040',50000,50000,'I have to buy mobile','approved','46c63452-415e-4589-86b6-01552fdbb69f','2026-06-18 18:53:28','2026-06-18 18:51:30','2026-06-18 18:53:28');
/*!40000 ALTER TABLE `employee_advances` ENABLE KEYS */;
UNLOCK TABLES;

--
-- Table structure for table `employees`
--

DROP TABLE IF EXISTS `employees`;
/*!40101 SET @saved_cs_client     = @@character_set_client */;
/*!50503 SET character_set_client = utf8mb4 */;
CREATE TABLE `employees` (
  `id` varchar(36) NOT NULL,
  `tenant_id` varchar(36) NOT NULL,
  `first_name` varchar(100) NOT NULL,
  `last_name` varchar(100) NOT NULL,
  `email` varchar(255) NOT NULL,
  `phone` varchar(20) DEFAULT NULL,
  `password_hash` varchar(255) NOT NULL,
  `role` enum('tenant_admin','employee') DEFAULT 'employee',
  `base_salary` int NOT NULL,
  `status` enum('active','deactivated') NOT NULL DEFAULT 'active',
  `created_at` timestamp NULL DEFAULT CURRENT_TIMESTAMP,
  PRIMARY KEY (`id`),
  UNIQUE KEY `tenant_email_unique` (`tenant_id`,`email`),
  UNIQUE KEY `idx_phone_tenant` (`phone`,`tenant_id`),
  KEY `idx_status` (`status`),
  CONSTRAINT `employees_ibfk_1` FOREIGN KEY (`tenant_id`) REFERENCES `tenants` (`id`) ON DELETE CASCADE
) ENGINE=InnoDB DEFAULT CHARSET=utf8mb4 COLLATE=utf8mb4_0900_ai_ci;
/*!40101 SET character_set_client = @saved_cs_client */;

--
-- Dumping data for table `employees`
--

LOCK TABLES `employees` WRITE;
/*!40000 ALTER TABLE `employees` DISABLE KEYS */;
INSERT INTO `employees` VALUES ('04cfc96d-b64e-42b3-aff9-17350040c040','11af653f-2496-4f22-b3d9-c4955399a1b2','Diya','Shah','diya.shah@greenleaf.com','+917970300835','$2b$10$PShpWcpAMHvmOgR4RR./7uDfOFEBqCBiOcBz1C2mjdw.HoQMWmJae','employee',559777,'active','2026-06-16 07:18:21'),('06d5a8be-0e36-4a7b-bbde-2d958cad09df','92f045f8-8c33-4abf-9579-4dbe54c0266c','Aakash','Verma','aakash.verma@silverlining.com','+917004013367','$2b$10$PShpWcpAMHvmOgR4RR./7uDfOFEBqCBiOcBz1C2mjdw.HoQMWmJae','employee',507242,'active','2026-06-16 07:18:21'),('076a0393-092e-42c1-af21-c1b4c9095b8a','a7f9909e-9f80-4272-8a0f-0b339763f092','Vihaan','Singh','vihaan.singh@techcorp.com','+918295941632','$2b$10$PShpWcpAMHvmOgR4RR./7uDfOFEBqCBiOcBz1C2mjdw.HoQMWmJae','employee',1032324,'active','2026-06-16 07:18:20'),('09fd5a32-6baf-4045-8c1d-c7e7041905f2','a7f9909e-9f80-4272-8a0f-0b339763f092','Ishaan','Reddy','ishaan.reddy@techcorp.com','+918578512413','$2b$10$PShpWcpAMHvmOgR4RR./7uDfOFEBqCBiOcBz1C2mjdw.HoQMWmJae','employee',1772997,'active','2026-06-16 07:18:21'),('0ac61f8f-752b-4627-ae41-71ee11861174','92f045f8-8c33-4abf-9579-4dbe54c0266c','Karan','Singh','karan.singh@silverlining.com','+917479126787','$2b$10$PShpWcpAMHvmOgR4RR./7uDfOFEBqCBiOcBz1C2mjdw.HoQMWmJae','employee',1083507,'active','2026-06-16 07:18:21'),('0b6228c1-a787-43c1-ac2a-1f92d4823a5d','92f045f8-8c33-4abf-9579-4dbe54c0266c','Nitin','Pillai','nitin.pillai@silverlining.com','+917267108898','$2b$10$PShpWcpAMHvmOgR4RR./7uDfOFEBqCBiOcBz1C2mjdw.HoQMWmJae','tenant_admin',2566220,'active','2026-06-16 07:18:21'),('0be27e37-5f6b-4bb8-b8e5-452552d9b68d','11af653f-2496-4f22-b3d9-c4955399a1b2','Isha','Malhotra','isha.malhotra@greenleaf.com','+917249364800','$2b$10$PShpWcpAMHvmOgR4RR./7uDfOFEBqCBiOcBz1C2mjdw.HoQMWmJae','employee',1590332,'active','2026-06-16 07:18:21'),('0dd53ca4-7dbc-4d4b-8280-236cde286c07','11af653f-2496-4f22-b3d9-c4955399a1b2','Sara','Bhatt','sara.bhatt@greenleaf.com','+918166191742','$2b$10$PShpWcpAMHvmOgR4RR./7uDfOFEBqCBiOcBz1C2mjdw.HoQMWmJae','employee',1036080,'active','2026-06-16 07:18:21'),('14be0951-0768-4595-8240-1f1c7e0c0a11','999df78a-d11f-43dc-ae13-080abf8babcd','Deepak','Kumar','deepak.kumar@blueocean.com','+917652545363','$2b$10$PShpWcpAMHvmOgR4RR./7uDfOFEBqCBiOcBz1C2mjdw.HoQMWmJae','employee',1285917,'active','2026-06-16 07:18:21'),('16192fd7-70ad-4464-8920-738f919431b8','999df78a-d11f-43dc-ae13-080abf8babcd','Rajesh','Joshi','rajesh.joshi@blueocean.com','+918873182528','$2b$10$PShpWcpAMHvmOgR4RR./7uDfOFEBqCBiOcBz1C2mjdw.HoQMWmJae','employee',2073651,'active','2026-06-16 07:18:21'),('1f24012e-be87-46b4-8b93-b5ab618301ac','11af653f-2496-4f22-b3d9-c4955399a1b2','Kavya','Saxena','kavya.saxena@greenleaf.com','+918215909764','$2b$10$PShpWcpAMHvmOgR4RR./7uDfOFEBqCBiOcBz1C2mjdw.HoQMWmJae','employee',1754561,'active','2026-06-16 07:18:21'),('3149f791-0f3a-430b-8acb-0fd4b1c87ee9','13b83f62-079c-4106-a8f4-9fa0a2a0340f','Divya','Chopra','divya.chopra@goldengate.com','+917079816256','$2b$10$PShpWcpAMHvmOgR4RR./7uDfOFEBqCBiOcBz1C2mjdw.HoQMWmJae','employee',2090618,'active','2026-06-16 07:18:21'),('31f3ff82-d4ad-4716-9003-276246fbdace','11af653f-2496-4f22-b3d9-c4955399a1b2','Myra','Desai','myra.desai@greenleaf.com','+918508227209','$2b$10$PShpWcpAMHvmOgR4RR./7uDfOFEBqCBiOcBz1C2mjdw.HoQMWmJae','employee',821781,'active','2026-06-16 07:18:21'),('3b09687c-345d-4bc7-b1cc-bd228696eedc','13b83f62-079c-4106-a8f4-9fa0a2a0340f','Neha','Shah','neha.shah@goldengate.com','+917913960106','$2b$10$PShpWcpAMHvmOgR4RR./7uDfOFEBqCBiOcBz1C2mjdw.HoQMWmJae','employee',582409,'active','2026-06-16 07:18:21'),('3c746c5c-1f0d-42cb-ac43-9047555b0a73','36778fcd-2e9f-4583-a710-b309ba659bd8','Asrar','Khan','asrar.khan@gmail.com','+918151899111','$2b$10$y9Odt04P11oRARcNJG8Hfe3PLF5IvbvNsEjc4nDgjC4ThEOpJHX2q','tenant_admin',0,'active','2026-06-16 07:38:23'),('3f77c154-8873-4198-9501-420e50962a47','999df78a-d11f-43dc-ae13-080abf8babcd','Amit','Reddy','amit.reddy@blueocean.com','+918965964356','$2b$10$PShpWcpAMHvmOgR4RR./7uDfOFEBqCBiOcBz1C2mjdw.HoQMWmJae','employee',1788121,'active','2026-06-16 07:18:21'),('40aa35dc-9b1e-443d-b405-ed5dea305ecb','999df78a-d11f-43dc-ae13-080abf8babcd','Nikhil','Nair','nikhil.nair@blueocean.com','+917672523801','$2b$10$PShpWcpAMHvmOgR4RR./7uDfOFEBqCBiOcBz1C2mjdw.HoQMWmJae','employee',2337770,'active','2026-06-16 07:18:21'),('49ae63a1-54a6-44c9-88f5-0496a578ce55','a7f9909e-9f80-4272-8a0f-0b339763f092','Reyansh','Pillai','reyansh.pillai@techcorp.com','+917400120864','$2b$10$PShpWcpAMHvmOgR4RR./7uDfOFEBqCBiOcBz1C2mjdw.HoQMWmJae','tenant_admin',2572301,'active','2026-06-16 07:18:21'),('5860fd2b-24dc-4a00-a698-a3ce942f2396','ff46ec23-b637-4981-b6ce-5980c82cd012','Mohammad','Rashid','+96560352841@placeholder.local','+96560352841','$2b$10$Xlr4/2mj00aNRGIywwTHLuKy3dXiBB9go5b.blD2eUjP7t.5Z8.3e','tenant_admin',0,'active','2026-06-19 11:01:11'),('71be90c2-f3ea-4251-b7ec-0b767a61673f','a7f9909e-9f80-4272-8a0f-0b339763f092','Arjun','Kumar','arjun.kumar@techcorp.com','+918145518047','$2b$10$PShpWcpAMHvmOgR4RR./7uDfOFEBqCBiOcBz1C2mjdw.HoQMWmJae','employee',1273191,'active','2026-06-16 07:18:20'),('761c411d-ec7a-4f44-b06e-a75d752d1864','a7f9909e-9f80-4272-8a0f-0b339763f092','Pranav','Nair','pranav.nair@techcorp.com','+918903949748','$2b$10$PShpWcpAMHvmOgR4RR./7uDfOFEBqCBiOcBz1C2mjdw.HoQMWmJae','employee',2337790,'active','2026-06-16 07:18:21'),('9d5bf750-8fa8-4f35-b606-b670bf130bd7','11af653f-2496-4f22-b3d9-c4955399a1b2','Navya','Arora','navya.arora@greenleaf.com','+918988545170','$2b$10$PShpWcpAMHvmOgR4RR./7uDfOFEBqCBiOcBz1C2mjdw.HoQMWmJae','employee',2339378,'active','2026-06-16 07:18:21'),('a47e1084-3596-4320-9543-44b57031ac06','92f045f8-8c33-4abf-9579-4dbe54c0266c','Rahul','Sharma','rahul.sharma@silverlining.com','+918728254222','$2b$10$PShpWcpAMHvmOgR4RR./7uDfOFEBqCBiOcBz1C2mjdw.HoQMWmJae','employee',299225,'active','2026-06-16 07:18:21'),('a55dc548-26b8-4d04-89f2-42792833fb48','13b83f62-079c-4106-a8f4-9fa0a2a0340f','Anita','Bhatt','anita.bhatt@goldengate.com','+917102368366','$2b$10$PShpWcpAMHvmOgR4RR./7uDfOFEBqCBiOcBz1C2mjdw.HoQMWmJae','employee',1098660,'active','2026-06-16 07:18:21'),('a676b40d-07ef-40c9-ae3c-bb2ccf855b0d','999df78a-d11f-43dc-ae13-080abf8babcd','Suresh','Gupta','suresh.gupta@blueocean.com','+918243623432','$2b$10$PShpWcpAMHvmOgR4RR./7uDfOFEBqCBiOcBz1C2mjdw.HoQMWmJae','employee',1517482,'active','2026-06-16 07:18:21'),('adc69ab4-22d3-439e-bcba-ac21a10914ee','13b83f62-079c-4106-a8f4-9fa0a2a0340f','Pooja','Mehta','pooja.mehta@goldengate.com','+918289537104','$2b$10$PShpWcpAMHvmOgR4RR./7uDfOFEBqCBiOcBz1C2mjdw.HoQMWmJae','employee',281136,'active','2026-06-16 07:18:21'),('ae2222fa-0225-4939-b2d2-ab2b5780698f','92f045f8-8c33-4abf-9579-4dbe54c0266c','Vijay','Joshi','vijay.joshi@silverlining.com','+918568657695','$2b$10$PShpWcpAMHvmOgR4RR./7uDfOFEBqCBiOcBz1C2mjdw.HoQMWmJae','employee',2058296,'active','2026-06-16 07:18:21'),('b58fbc1d-6e64-4ff3-a2e4-5a03aa81110b','a7f9909e-9f80-4272-8a0f-0b339763f092','Sai','Gupta','sai.gupta@techcorp.com','+917731018093','$2b$10$PShpWcpAMHvmOgR4RR./7uDfOFEBqCBiOcBz1C2mjdw.HoQMWmJae','employee',1596831,'active','2026-06-16 07:18:21'),('b8080bb3-d75e-4e64-9727-4f6b6eb98ee4','518d9500-0662-4960-89da-5e953148cbf8','test','test2','test2@gmail.com','+918452718727','$2b$10$nh3TP12m/gQYtYYzyxVi1OzCnMLEDU4nt5tdw3k75DpxQJUvUAer6','employee',123400,'active','2026-06-14 14:16:28'),('cb3dfa25-5042-44c2-a9a6-2eb2c1087962','a7f9909e-9f80-4272-8a0f-0b339763f092','Aditya','Patel','aditya.patel@techcorp.com','+917806101166','$2b$10$PShpWcpAMHvmOgR4RR./7uDfOFEBqCBiOcBz1C2mjdw.HoQMWmJae','employee',837293,'active','2026-06-16 07:18:20'),('db58c449-a519-412f-b7e5-65fbd13683fc','11af653f-2496-4f22-b3d9-c4955399a1b2','Aisha','Thakur','aisha.thakur@greenleaf.com','+918147369270','$2b$10$PShpWcpAMHvmOgR4RR./7uDfOFEBqCBiOcBz1C2mjdw.HoQMWmJae','employee',1325208,'active','2026-06-16 07:18:21'),('dcd48596-f346-4cbd-ae63-3623778b0867','92f045f8-8c33-4abf-9579-4dbe54c0266c','Mohan','Kumar','mohan.kumar@silverlining.com','+918742730845','$2b$10$PShpWcpAMHvmOgR4RR./7uDfOFEBqCBiOcBz1C2mjdw.HoQMWmJae','employee',1311402,'active','2026-06-16 07:18:21'),('e0315d9a-b305-406b-bfeb-a7ac9504c4c9','518d9500-0662-4960-89da-5e953148cbf8','Mohd','Rashid','mohdrashid987305@gmail.com','+917889713366','$2b$10$NW8sgOiF3MH2wD5pGDRxCe8BCx78G.xri0K9BzzpSk9HMdMM.b0pW','employee',14200,'active','2026-06-14 14:00:03'),('e82d9e6f-7221-4c44-8536-8c1b0f1e9a5c','13b83f62-079c-4106-a8f4-9fa0a2a0340f','Sunita','Thakur','sunita.thakur@goldengate.com','+918278485709','$2b$10$PShpWcpAMHvmOgR4RR./7uDfOFEBqCBiOcBz1C2mjdw.HoQMWmJae','employee',1285116,'active','2026-06-16 07:18:21'),('ed17fb81-27a0-438e-9c3a-97bdd58a6820','13b83f62-079c-4106-a8f4-9fa0a2a0340f','Tanya','Kapoor','tanya.kapoor@goldengate.com','+917971459550','$2b$10$PShpWcpAMHvmOgR4RR./7uDfOFEBqCBiOcBz1C2mjdw.HoQMWmJae','tenant_admin',2522383,'active','2026-06-16 07:18:21'),('f2d71f74-163c-4d44-a4dc-680dde86cf46','a7f9909e-9f80-4272-8a0f-0b339763f092','Ayaan','Joshi','ayaan.joshi@techcorp.com','+918424729118','$2b$10$PShpWcpAMHvmOgR4RR./7uDfOFEBqCBiOcBz1C2mjdw.HoQMWmJae','employee',2061823,'active','2026-06-16 07:18:21'),('f33990e5-7e3f-431d-82c2-4a6b58a56ce9','13b83f62-079c-4106-a8f4-9fa0a2a0340f','Meera','Malhotra','meera.malhotra@goldengate.com','+917620412819','$2b$10$PShpWcpAMHvmOgR4RR./7uDfOFEBqCBiOcBz1C2mjdw.HoQMWmJae','employee',1551565,'active','2026-06-16 07:18:21'),('f9418ee5-016e-4318-b05b-edcdee4091e8','999df78a-d11f-43dc-ae13-080abf8babcd','Manish','Patel','manish.patel@blueocean.com','+918098252003','$2b$10$PShpWcpAMHvmOgR4RR./7uDfOFEBqCBiOcBz1C2mjdw.HoQMWmJae','employee',770006,'active','2026-06-16 07:18:21'),('fcb4d798-259a-4a4d-a7a8-a5a85658f0d9','92f045f8-8c33-4abf-9579-4dbe54c0266c','Lalit','Gupta','lalit.gupta@silverlining.com','+917365914294','$2b$10$PShpWcpAMHvmOgR4RR./7uDfOFEBqCBiOcBz1C2mjdw.HoQMWmJae','employee',1512177,'active','2026-06-16 07:18:21');
/*!40000 ALTER TABLE `employees` ENABLE KEYS */;
UNLOCK TABLES;

--
-- Table structure for table `invoice_items`
--

DROP TABLE IF EXISTS `invoice_items`;
/*!40101 SET @saved_cs_client     = @@character_set_client */;
/*!50503 SET character_set_client = utf8mb4 */;
CREATE TABLE `invoice_items` (
  `id` varchar(36) NOT NULL,
  `invoice_id` varchar(36) NOT NULL,
  `description` varchar(500) NOT NULL,
  `quantity` decimal(10,2) NOT NULL DEFAULT '1.00',
  `unit_price` int NOT NULL DEFAULT '0',
  `total_price` int NOT NULL DEFAULT '0',
  PRIMARY KEY (`id`),
  KEY `invoice_id` (`invoice_id`),
  CONSTRAINT `invoice_items_ibfk_1` FOREIGN KEY (`invoice_id`) REFERENCES `invoices` (`id`) ON DELETE CASCADE
) ENGINE=InnoDB DEFAULT CHARSET=utf8mb4 COLLATE=utf8mb4_0900_ai_ci;
/*!40101 SET character_set_client = @saved_cs_client */;

--
-- Dumping data for table `invoice_items`
--

LOCK TABLES `invoice_items` WRITE;
/*!40000 ALTER TABLE `invoice_items` DISABLE KEYS */;
INSERT INTO `invoice_items` VALUES ('24681d63-296e-4641-a8a1-6185c0001a53','6d1c0f08-b2a7-49ab-9bb3-c03e0d1e7d29','Cold Pressed Coconut Oil (1L)',40.00,380,15200),('367a4c0a-0af1-437e-8bce-8e911f220ee9','2243f861-5832-499b-9a53-865d8a89c22b','Fresh Paneer (1kg block)',50.00,3,150),('4a972923-4094-43c7-beee-df16ade0bf89','a8d4c8aa-de31-417a-b8ad-d6c7159322ff','Moringa Powder (250g)',90.00,85,7650),('7c90077b-cf43-4818-b0cd-5344a3d8ce2b','6d1c0f08-b2a7-49ab-9bb3-c03e0d1e7d29','Turmeric Powder (200g pack)',120.00,85,10200),('94b11e8b-df14-423f-b057-225ee3eb659d','6d1c0f08-b2a7-49ab-9bb3-c03e0d1e7d29','Basmati Rice (5kg bag)',60.00,450,27000),('a7823ca2-5a7a-4b70-b289-fdcc95216a4f','a8d4c8aa-de31-417a-b8ad-d6c7159322ff','Amla Candy (500g)',60.00,150,9000),('b01b1cd6-0bdf-4356-bc63-80b85c5ad4bd','76c18474-7cb0-4299-a02d-43888066b729','Organic Mangoes (1 dozen)',50.00,0,0),('c6923b3d-8cba-4e75-8f4b-1d6526315784','a8d4c8aa-de31-417a-b8ad-d6c7159322ff','Aloe Vera Juice (1L)',100.00,120,12000),('d4e85bfe-a0d5-4e68-90bb-87fe73856f3e','2243f861-5832-499b-9a53-865d8a89c22b','Honey (500ml jar)',80.00,4,320),('dbcffddc-648b-481e-84d5-e84e32def971','76c18474-7cb0-4299-a02d-43888066b729','Mixed Vegetable Box (10kg)',75.00,0,0);
/*!40000 ALTER TABLE `invoice_items` ENABLE KEYS */;
UNLOCK TABLES;

--
-- Table structure for table `invoices`
--

DROP TABLE IF EXISTS `invoices`;
/*!40101 SET @saved_cs_client     = @@character_set_client */;
/*!50503 SET character_set_client = utf8mb4 */;
CREATE TABLE `invoices` (
  `id` varchar(36) NOT NULL,
  `tenant_id` varchar(36) NOT NULL,
  `invoice_number` varchar(50) NOT NULL,
  `customer_id` varchar(36) NOT NULL,
  `invoice_date` date NOT NULL,
  `due_date` date NOT NULL,
  `status` enum('draft','sent','paid','overdue','cancelled') DEFAULT 'draft',
  `subtotal` int NOT NULL DEFAULT '0',
  `tax_amount` int NOT NULL DEFAULT '0',
  `total_amount` int NOT NULL DEFAULT '0',
  `paid_amount` int NOT NULL DEFAULT '0',
  `notes` text,
  `created_at` timestamp NULL DEFAULT CURRENT_TIMESTAMP,
  `updated_at` timestamp NULL DEFAULT CURRENT_TIMESTAMP ON UPDATE CURRENT_TIMESTAMP,
  PRIMARY KEY (`id`),
  UNIQUE KEY `uq_invoice_number` (`tenant_id`,`invoice_number`),
  KEY `customer_id` (`customer_id`),
  CONSTRAINT `invoices_ibfk_1` FOREIGN KEY (`tenant_id`) REFERENCES `tenants` (`id`) ON DELETE CASCADE,
  CONSTRAINT `invoices_ibfk_2` FOREIGN KEY (`customer_id`) REFERENCES `customers` (`id`) ON DELETE CASCADE
) ENGINE=InnoDB DEFAULT CHARSET=utf8mb4 COLLATE=utf8mb4_0900_ai_ci;
/*!40101 SET character_set_client = @saved_cs_client */;

--
-- Dumping data for table `invoices`
--

LOCK TABLES `invoices` WRITE;
/*!40000 ALTER TABLE `invoices` DISABLE KEYS */;
INSERT INTO `invoices` VALUES ('2243f861-5832-499b-9a53-865d8a89c22b','11af653f-2496-4f22-b3d9-c4955399a1b2','INV-0002','2a7c6a8b-b34a-4477-bf1d-6d67f67130e1','2026-05-06','2026-06-05','draft',470,85,555,0,'Seed invoice #2','2026-06-16 10:38:11','2026-06-16 11:05:21'),('6d1c0f08-b2a7-49ab-9bb3-c03e0d1e7d29','11af653f-2496-4f22-b3d9-c4955399a1b2','INV-0003','d253fd01-bae9-40f5-bec8-a64d04e395ae','2026-06-10','2026-07-10','draft',52400,6288,58688,0,'Seed invoice #3','2026-06-16 10:38:11','2026-06-16 20:20:06'),('76c18474-7cb0-4299-a02d-43888066b729','11af653f-2496-4f22-b3d9-c4955399a1b2','INV-0004','b3c14385-26d9-4e82-8561-9cb93bb01347','2026-07-11','2026-08-10','paid',0,0,0,0,'Seed invoice #4','2026-06-16 10:38:11','2026-06-18 19:10:54'),('a8d4c8aa-de31-417a-b8ad-d6c7159322ff','11af653f-2496-4f22-b3d9-c4955399a1b2','INV-0005','bb2b0007-1c05-4609-8dd0-1fe8077fc7fd','2026-08-16','2026-09-15','paid',28650,5157,33807,0,'Seed invoice #5','2026-06-16 10:38:11','2026-06-18 19:11:04');
/*!40000 ALTER TABLE `invoices` ENABLE KEYS */;
UNLOCK TABLES;

--
-- Table structure for table `kirana_cashbook`
--

DROP TABLE IF EXISTS `kirana_cashbook`;
/*!40101 SET @saved_cs_client     = @@character_set_client */;
/*!50503 SET character_set_client = utf8mb4 */;
CREATE TABLE `kirana_cashbook` (
  `id` varchar(36) NOT NULL,
  `tenant_id` varchar(36) NOT NULL,
  `type` enum('IN','OUT') NOT NULL,
  `category` varchar(100) DEFAULT NULL,
  `amount` int NOT NULL COMMENT 'in cents',
  `note` text,
  `entry_date` date NOT NULL,
  `created_by` varchar(36) NOT NULL,
  `created_at` timestamp NULL DEFAULT CURRENT_TIMESTAMP,
  PRIMARY KEY (`id`),
  KEY `idx_tenant` (`tenant_id`),
  KEY `idx_date` (`entry_date`)
) ENGINE=InnoDB DEFAULT CHARSET=utf8mb4 COLLATE=utf8mb4_0900_ai_ci;
/*!40101 SET character_set_client = @saved_cs_client */;

--
-- Dumping data for table `kirana_cashbook`
--

LOCK TABLES `kirana_cashbook` WRITE;
/*!40000 ALTER TABLE `kirana_cashbook` DISABLE KEYS */;
INSERT INTO `kirana_cashbook` VALUES ('28a33501-4c32-474d-bde4-b4e320d4fdcb','11af653f-2496-4f22-b3d9-c4955399a1b2','IN',NULL,3400,'ere','2026-06-18','46c63452-415e-4589-86b6-01552fdbb69f','2026-06-18 20:51:39'),('48ca3030-2f92-4c40-b086-e6ce51f058bc','11af653f-2496-4f22-b3d9-c4955399a1b2','IN','sd',43300,'ere','2026-06-18','46c63452-415e-4589-86b6-01552fdbb69f','2026-06-18 20:52:07'),('de6022a1-c3ee-4868-bd96-930004cf687f','11af653f-2496-4f22-b3d9-c4955399a1b2','OUT','sdsf',23400,'dfs','2026-06-18','46c63452-415e-4589-86b6-01552fdbb69f','2026-06-18 20:43:55'),('e82978ed-eacb-4efa-8905-09c863dcdcd1','11af653f-2496-4f22-b3d9-c4955399a1b2','IN','ewe',424200,'werw','2026-06-18','46c63452-415e-4589-86b6-01552fdbb69f','2026-06-18 20:43:43');
/*!40000 ALTER TABLE `kirana_cashbook` ENABLE KEYS */;
UNLOCK TABLES;

--
-- Table structure for table `kirana_parties`
--

DROP TABLE IF EXISTS `kirana_parties`;
/*!40101 SET @saved_cs_client     = @@character_set_client */;
/*!50503 SET character_set_client = utf8mb4 */;
CREATE TABLE `kirana_parties` (
  `id` varchar(36) NOT NULL,
  `tenant_id` varchar(36) NOT NULL,
  `type` enum('buyer','seller') NOT NULL,
  `name` varchar(255) NOT NULL,
  `phone` varchar(20) DEFAULT NULL,
  `address` text,
  `created_at` timestamp NULL DEFAULT CURRENT_TIMESTAMP,
  PRIMARY KEY (`id`),
  KEY `idx_tenant` (`tenant_id`),
  KEY `idx_type` (`type`)
) ENGINE=InnoDB DEFAULT CHARSET=utf8mb4 COLLATE=utf8mb4_0900_ai_ci;
/*!40101 SET character_set_client = @saved_cs_client */;

--
-- Dumping data for table `kirana_parties`
--

LOCK TABLES `kirana_parties` WRITE;
/*!40000 ALTER TABLE `kirana_parties` DISABLE KEYS */;
INSERT INTO `kirana_parties` VALUES ('1da610d8-f669-41df-9fee-87661bcea2a7','11af653f-2496-4f22-b3d9-c4955399a1b2','seller','Mohd Rashid','60352841','Kuwait','2026-06-18 20:27:37'),('45b54344-e35e-42bd-871b-f1a635e95292','11af653f-2496-4f22-b3d9-c4955399a1b2','buyer','dddd',NULL,'sd','2026-06-18 20:38:18'),('6ea6e42b-229f-4d8e-95c3-96162d5a24c0','11af653f-2496-4f22-b3d9-c4955399a1b2','seller','rwer','60352841','مدينة\nAl-Soor St','2026-06-18 20:29:14'),('7f4c5d2f-39bd-44e7-b24f-b0f5fe2ced36','11af653f-2496-4f22-b3d9-c4955399a1b2','buyer','adil','60352841','مدينة\nAl-Soor St','2026-06-18 20:17:04'),('93401389-9115-44a5-805a-47ef6018dbf1','11af653f-2496-4f22-b3d9-c4955399a1b2','buyer','ereef','60352841','مدينة\nAl-Soor St','2026-06-18 20:38:48'),('b2fa7880-5179-4f91-8a26-6640f7e58dce','11af653f-2496-4f22-b3d9-c4955399a1b2','seller','fsdfddf','60352841','مدينة\nAl-Soor St','2026-06-18 20:40:18'),('dcbc2748-855d-43df-a8c1-674f9778854b','11af653f-2496-4f22-b3d9-c4955399a1b2','seller','dfdfs',NULL,NULL,'2026-06-18 20:32:40');
/*!40000 ALTER TABLE `kirana_parties` ENABLE KEYS */;
UNLOCK TABLES;

--
-- Table structure for table `kirana_staff`
--

DROP TABLE IF EXISTS `kirana_staff`;
/*!40101 SET @saved_cs_client     = @@character_set_client */;
/*!50503 SET character_set_client = utf8mb4 */;
CREATE TABLE `kirana_staff` (
  `id` varchar(36) NOT NULL,
  `tenant_id` varchar(36) NOT NULL,
  `name` varchar(255) NOT NULL,
  `phone` varchar(20) DEFAULT NULL,
  `role` varchar(100) DEFAULT NULL,
  `salary` int DEFAULT NULL COMMENT 'in cents',
  `joined_at` date DEFAULT NULL,
  `created_at` timestamp NULL DEFAULT CURRENT_TIMESTAMP,
  PRIMARY KEY (`id`),
  KEY `idx_tenant` (`tenant_id`)
) ENGINE=InnoDB DEFAULT CHARSET=utf8mb4 COLLATE=utf8mb4_0900_ai_ci;
/*!40101 SET character_set_client = @saved_cs_client */;

--
-- Dumping data for table `kirana_staff`
--

LOCK TABLES `kirana_staff` WRITE;
/*!40000 ALTER TABLE `kirana_staff` DISABLE KEYS */;
INSERT INTO `kirana_staff` VALUES ('ab3fe463-7d83-4a56-a52f-91fef3a0eacc','11af653f-2496-4f22-b3d9-c4955399a1b2','aee','42342','helper',424300,'2026-06-10','2026-06-18 20:41:54');
/*!40000 ALTER TABLE `kirana_staff` ENABLE KEYS */;
UNLOCK TABLES;

--
-- Table structure for table `kirana_transactions`
--

DROP TABLE IF EXISTS `kirana_transactions`;
/*!40101 SET @saved_cs_client     = @@character_set_client */;
/*!50503 SET character_set_client = utf8mb4 */;
CREATE TABLE `kirana_transactions` (
  `id` varchar(36) NOT NULL,
  `tenant_id` varchar(36) NOT NULL,
  `party_id` varchar(36) NOT NULL,
  `type` enum('given','received') NOT NULL,
  `amount` int NOT NULL COMMENT 'in cents',
  `note` text,
  `entry_date` date NOT NULL,
  `created_by` varchar(36) NOT NULL,
  `created_at` timestamp NULL DEFAULT CURRENT_TIMESTAMP,
  PRIMARY KEY (`id`),
  KEY `idx_tenant` (`tenant_id`),
  KEY `idx_party` (`party_id`),
  CONSTRAINT `kirana_transactions_ibfk_1` FOREIGN KEY (`party_id`) REFERENCES `kirana_parties` (`id`) ON DELETE CASCADE
) ENGINE=InnoDB DEFAULT CHARSET=utf8mb4 COLLATE=utf8mb4_0900_ai_ci;
/*!40101 SET character_set_client = @saved_cs_client */;

--
-- Dumping data for table `kirana_transactions`
--

LOCK TABLES `kirana_transactions` WRITE;
/*!40000 ALTER TABLE `kirana_transactions` DISABLE KEYS */;
INSERT INTO `kirana_transactions` VALUES ('2956103a-01b6-44a6-8bc5-9209efd71cfa','11af653f-2496-4f22-b3d9-c4955399a1b2','93401389-9115-44a5-805a-47ef6018dbf1','given',4500,NULL,'2026-06-18','46c63452-415e-4589-86b6-01552fdbb69f','2026-06-18 20:39:46'),('3694d695-0b14-4f48-8c05-ccb3af8daa7f','11af653f-2496-4f22-b3d9-c4955399a1b2','93401389-9115-44a5-805a-47ef6018dbf1','received',34300,NULL,'2026-06-18','46c63452-415e-4589-86b6-01552fdbb69f','2026-06-18 20:38:48'),('6325069c-6c22-4d07-9c0a-c462be1e9d93','11af653f-2496-4f22-b3d9-c4955399a1b2','45b54344-e35e-42bd-871b-f1a635e95292','received',44400,NULL,'2026-06-18','46c63452-415e-4589-86b6-01552fdbb69f','2026-06-18 20:38:18'),('6725e26a-82c8-4e89-ab89-6e0ded1a4127','11af653f-2496-4f22-b3d9-c4955399a1b2','b2fa7880-5179-4f91-8a26-6640f7e58dce','received',3400,NULL,'2026-06-18','46c63452-415e-4589-86b6-01552fdbb69f','2026-06-18 20:40:18'),('7b014bb5-a74e-47e2-a30c-832750afc030','11af653f-2496-4f22-b3d9-c4955399a1b2','7f4c5d2f-39bd-44e7-b24f-b0f5fe2ced36','received',3400,NULL,'2026-06-18','46c63452-415e-4589-86b6-01552fdbb69f','2026-06-18 20:28:48'),('b8f93f4e-25da-4318-9e3a-f7843c39a321','11af653f-2496-4f22-b3d9-c4955399a1b2','7f4c5d2f-39bd-44e7-b24f-b0f5fe2ced36','given',4300,NULL,'2026-06-18','46c63452-415e-4589-86b6-01552fdbb69f','2026-06-18 20:28:33'),('dcc2b837-cd90-430d-8e73-143669ba3aa4','11af653f-2496-4f22-b3d9-c4955399a1b2','1da610d8-f669-41df-9fee-87661bcea2a7','given',334200,NULL,'2026-06-18','46c63452-415e-4589-86b6-01552fdbb69f','2026-06-18 20:27:55');
/*!40000 ALTER TABLE `kirana_transactions` ENABLE KEYS */;
UNLOCK TABLES;

--
-- Table structure for table `leaves`
--

DROP TABLE IF EXISTS `leaves`;
/*!40101 SET @saved_cs_client     = @@character_set_client */;
/*!50503 SET character_set_client = utf8mb4 */;
CREATE TABLE `leaves` (
  `id` varchar(36) NOT NULL,
  `tenant_id` varchar(36) NOT NULL,
  `employee_id` varchar(36) NOT NULL,
  `leave_type` enum('Annual','Sick','Casual','Unpaid') NOT NULL,
  `start_date` date NOT NULL,
  `end_date` date NOT NULL,
  `status` enum('pending','approved','rejected') DEFAULT 'pending',
  `created_at` timestamp NULL DEFAULT CURRENT_TIMESTAMP,
  PRIMARY KEY (`id`),
  KEY `tenant_id` (`tenant_id`),
  KEY `employee_id` (`employee_id`),
  CONSTRAINT `leaves_ibfk_1` FOREIGN KEY (`tenant_id`) REFERENCES `tenants` (`id`) ON DELETE CASCADE,
  CONSTRAINT `leaves_ibfk_2` FOREIGN KEY (`employee_id`) REFERENCES `employees` (`id`) ON DELETE CASCADE
) ENGINE=InnoDB DEFAULT CHARSET=utf8mb4 COLLATE=utf8mb4_0900_ai_ci;
/*!40101 SET character_set_client = @saved_cs_client */;

--
-- Dumping data for table `leaves`
--

LOCK TABLES `leaves` WRITE;
/*!40000 ALTER TABLE `leaves` DISABLE KEYS */;
INSERT INTO `leaves` VALUES ('00bded6b-7ba9-4eb0-80af-48e5c364589b','11af653f-2496-4f22-b3d9-c4955399a1b2','31f3ff82-d4ad-4716-9003-276246fbdace','Sick','2026-04-10','2026-04-10','approved','2026-06-16 09:47:11'),('045414d9-4e20-4e10-86b7-47d326eed057','11af653f-2496-4f22-b3d9-c4955399a1b2','0dd53ca4-7dbc-4d4b-8280-236cde286c07','Annual','2026-04-01','2026-04-01','approved','2026-06-16 09:47:11'),('0e36c02a-78a6-470e-8b86-0b171b2d2f34','11af653f-2496-4f22-b3d9-c4955399a1b2','0dd53ca4-7dbc-4d4b-8280-236cde286c07','Sick','2026-04-02','2026-04-02','approved','2026-06-16 09:47:11'),('0f2ed596-8be0-4b50-bb5f-ba5040416a7e','11af653f-2496-4f22-b3d9-c4955399a1b2','9d5bf750-8fa8-4f35-b606-b670bf130bd7','Sick','2026-04-16','2026-04-16','approved','2026-06-16 09:47:11'),('1585cc22-37b6-4c4f-8cd9-d851a655b3c2','11af653f-2496-4f22-b3d9-c4955399a1b2','31f3ff82-d4ad-4716-9003-276246fbdace','Sick','2026-05-21','2026-05-21','approved','2026-06-16 09:47:11'),('187db99d-304a-461e-96cb-e43cb6c47892','11af653f-2496-4f22-b3d9-c4955399a1b2','9d5bf750-8fa8-4f35-b606-b670bf130bd7','Annual','2026-05-27','2026-05-27','approved','2026-06-16 09:47:11'),('1e89d274-fc0f-4c26-b57c-569a63790744','11af653f-2496-4f22-b3d9-c4955399a1b2','db58c449-a519-412f-b7e5-65fbd13683fc','Sick','2026-06-23','2026-06-23','approved','2026-06-16 09:47:11'),('1f484245-e557-4a23-9792-a632aba038b7','11af653f-2496-4f22-b3d9-c4955399a1b2','0be27e37-5f6b-4bb8-b8e5-452552d9b68d','Sick','2026-05-22','2026-05-22','approved','2026-06-16 09:47:11'),('244b1ab1-4c93-4c90-8a11-4b50ffcab51e','11af653f-2496-4f22-b3d9-c4955399a1b2','0be27e37-5f6b-4bb8-b8e5-452552d9b68d','Sick','2026-05-08','2026-05-08','approved','2026-06-16 09:47:11'),('2750ba5d-3c6a-439d-9cde-494f8f666800','11af653f-2496-4f22-b3d9-c4955399a1b2','0dd53ca4-7dbc-4d4b-8280-236cde286c07','Sick','2026-05-04','2026-05-04','approved','2026-06-16 09:47:11'),('2e379bad-53a3-44e5-b79e-719ee75ff1ed','11af653f-2496-4f22-b3d9-c4955399a1b2','0dd53ca4-7dbc-4d4b-8280-236cde286c07','Sick','2026-05-27','2026-05-27','approved','2026-06-16 09:47:11'),('303cbd88-57b5-41de-88d6-4aa89422bf96','11af653f-2496-4f22-b3d9-c4955399a1b2','db58c449-a519-412f-b7e5-65fbd13683fc','Sick','2026-05-04','2026-05-04','approved','2026-06-16 09:47:11'),('3573528e-bedf-4f2c-81b3-1cb466025f86','11af653f-2496-4f22-b3d9-c4955399a1b2','04cfc96d-b64e-42b3-aff9-17350040c040','Sick','2026-06-01','2026-06-01','approved','2026-06-16 09:47:11'),('35cb6599-34ed-427d-8d57-7566ca196976','11af653f-2496-4f22-b3d9-c4955399a1b2','db58c449-a519-412f-b7e5-65fbd13683fc','Annual','2026-06-18','2026-06-18','approved','2026-06-16 09:47:11'),('3ab55bd7-6a03-4e13-af0b-91637b102134','11af653f-2496-4f22-b3d9-c4955399a1b2','0be27e37-5f6b-4bb8-b8e5-452552d9b68d','Sick','2026-06-01','2026-06-01','approved','2026-06-16 09:47:11'),('3e94e0c5-d331-478d-b191-3469b15c5992','11af653f-2496-4f22-b3d9-c4955399a1b2','db58c449-a519-412f-b7e5-65fbd13683fc','Sick','2026-06-16','2026-06-16','approved','2026-06-16 09:47:11'),('3f1b9d4a-57aa-4bfd-8f91-05f788f01cc5','11af653f-2496-4f22-b3d9-c4955399a1b2','1f24012e-be87-46b4-8b93-b5ab618301ac','Annual','2026-06-12','2026-06-12','approved','2026-06-16 09:47:11'),('409a7f7f-9919-411a-ada3-94b0e5f45064','11af653f-2496-4f22-b3d9-c4955399a1b2','0dd53ca4-7dbc-4d4b-8280-236cde286c07','Annual','2026-05-22','2026-05-22','approved','2026-06-16 09:47:11'),('4123ddef-d601-44d6-8751-5aa827de5f7b','11af653f-2496-4f22-b3d9-c4955399a1b2','0dd53ca4-7dbc-4d4b-8280-236cde286c07','Sick','2026-06-03','2026-06-03','approved','2026-06-16 09:47:11'),('47a4ecfb-fd7b-49f1-82c3-43a2a396fd43','11af653f-2496-4f22-b3d9-c4955399a1b2','1f24012e-be87-46b4-8b93-b5ab618301ac','Sick','2026-04-08','2026-04-08','approved','2026-06-16 09:47:11'),('4e2468a0-506f-48e1-96cc-f4f765a7dca2','11af653f-2496-4f22-b3d9-c4955399a1b2','04cfc96d-b64e-42b3-aff9-17350040c040','Annual','2026-05-27','2026-05-27','approved','2026-06-16 09:47:11'),('4fe63971-6a44-49b2-a563-699bd8198378','11af653f-2496-4f22-b3d9-c4955399a1b2','04cfc96d-b64e-42b3-aff9-17350040c040','Sick','2026-06-26','2026-06-26','approved','2026-06-16 09:47:11'),('500ca746-9eb4-450f-a0b8-67be00d87805','11af653f-2496-4f22-b3d9-c4955399a1b2','04cfc96d-b64e-42b3-aff9-17350040c040','Annual','2026-04-02','2026-04-02','approved','2026-06-16 09:47:11'),('50bf9023-fd30-42a0-a3a1-f432abe48b31','11af653f-2496-4f22-b3d9-c4955399a1b2','db58c449-a519-412f-b7e5-65fbd13683fc','Sick','2026-06-12','2026-06-12','approved','2026-06-16 09:47:11'),('56625680-083c-47c7-b9a4-3bc764377beb','11af653f-2496-4f22-b3d9-c4955399a1b2','db58c449-a519-412f-b7e5-65fbd13683fc','Annual','2026-05-07','2026-05-07','approved','2026-06-16 09:47:11'),('59625242-9d1a-4035-ad3a-3abfeeb86f91','11af653f-2496-4f22-b3d9-c4955399a1b2','04cfc96d-b64e-42b3-aff9-17350040c040','Annual','2026-04-06','2026-04-06','approved','2026-06-16 09:47:11'),('5a21bdc0-1bb1-4cbf-9487-85ec0076aec2','11af653f-2496-4f22-b3d9-c4955399a1b2','db58c449-a519-412f-b7e5-65fbd13683fc','Annual','2026-04-03','2026-04-03','approved','2026-06-16 09:47:11'),('5e037081-eb83-41fe-9aff-a1dc435e12c8','11af653f-2496-4f22-b3d9-c4955399a1b2','0be27e37-5f6b-4bb8-b8e5-452552d9b68d','Sick','2026-06-09','2026-06-09','approved','2026-06-16 09:47:11'),('673b7d03-907b-43ac-b7d5-b8e7dfdaba7c','11af653f-2496-4f22-b3d9-c4955399a1b2','9d5bf750-8fa8-4f35-b606-b670bf130bd7','Sick','2026-04-13','2026-04-13','approved','2026-06-16 09:47:11'),('68d2f1db-93ce-49ff-afef-9dbbaf3b35a5','11af653f-2496-4f22-b3d9-c4955399a1b2','0be27e37-5f6b-4bb8-b8e5-452552d9b68d','Sick','2026-05-28','2026-05-28','approved','2026-06-16 09:47:11'),('6aee989a-2f17-4587-8e7f-3d29ceb34211','11af653f-2496-4f22-b3d9-c4955399a1b2','9d5bf750-8fa8-4f35-b606-b670bf130bd7','Annual','2026-06-10','2026-06-10','approved','2026-06-16 09:47:11'),('6fdf47fb-75aa-4c4d-9992-9581efaa90ec','11af653f-2496-4f22-b3d9-c4955399a1b2','db58c449-a519-412f-b7e5-65fbd13683fc','Annual','2026-04-30','2026-04-30','approved','2026-06-16 09:47:11'),('753b7687-710d-45d3-9768-8137e074bd7f','11af653f-2496-4f22-b3d9-c4955399a1b2','04cfc96d-b64e-42b3-aff9-17350040c040','Annual','2026-04-09','2026-04-09','approved','2026-06-16 09:47:11'),('7a8a9c8d-4e46-4141-b68a-e39866f92b40','518d9500-0662-4960-89da-5e953148cbf8','b8080bb3-d75e-4e64-9727-4f6b6eb98ee4','Sick','2026-06-17','2026-06-18','approved','2026-06-14 14:18:09'),('7e8c2ae5-7d56-4bfb-934d-aa8dc6b07993','11af653f-2496-4f22-b3d9-c4955399a1b2','9d5bf750-8fa8-4f35-b606-b670bf130bd7','Annual','2026-05-21','2026-05-21','approved','2026-06-16 09:47:11'),('7ece5ee9-4507-41df-8166-2d1e91b65fbd','11af653f-2496-4f22-b3d9-c4955399a1b2','04cfc96d-b64e-42b3-aff9-17350040c040','Annual','2026-04-21','2026-04-21','approved','2026-06-16 09:47:11'),('8032f060-6f91-4e47-8fb6-b3da3a996e34','518d9500-0662-4960-89da-5e953148cbf8','e0315d9a-b305-406b-bfeb-a7ac9504c4c9','Sick','2026-06-03','2026-06-03','approved','2026-06-14 20:38:27'),('83fab07e-8cc3-4d91-9964-e05e6209bc31','11af653f-2496-4f22-b3d9-c4955399a1b2','0dd53ca4-7dbc-4d4b-8280-236cde286c07','Sick','2026-06-23','2026-06-23','approved','2026-06-16 09:47:11'),('869341be-c2cb-40bb-97c7-1e49c58aef83','11af653f-2496-4f22-b3d9-c4955399a1b2','9d5bf750-8fa8-4f35-b606-b670bf130bd7','Sick','2026-05-15','2026-05-15','approved','2026-06-16 09:47:11'),('89fa2292-d166-468e-b9b8-00bd746709df','11af653f-2496-4f22-b3d9-c4955399a1b2','0be27e37-5f6b-4bb8-b8e5-452552d9b68d','Annual','2026-06-22','2026-06-22','approved','2026-06-16 09:47:11'),('8ccfa23f-e447-498b-b60e-21aecdfdf15b','11af653f-2496-4f22-b3d9-c4955399a1b2','1f24012e-be87-46b4-8b93-b5ab618301ac','Sick','2026-04-02','2026-04-02','approved','2026-06-16 09:47:11'),('8e65c5fd-7f57-4eeb-8eb7-a1ff62ea35ea','11af653f-2496-4f22-b3d9-c4955399a1b2','0be27e37-5f6b-4bb8-b8e5-452552d9b68d','Sick','2026-06-29','2026-06-29','approved','2026-06-16 09:47:11'),('97882c6a-43de-41dd-9a82-4c2d1861f8eb','11af653f-2496-4f22-b3d9-c4955399a1b2','db58c449-a519-412f-b7e5-65fbd13683fc','Annual','2026-04-06','2026-04-06','approved','2026-06-16 09:47:11'),('9ec3dba9-fac4-4b58-89d2-ad514b378106','11af653f-2496-4f22-b3d9-c4955399a1b2','9d5bf750-8fa8-4f35-b606-b670bf130bd7','Sick','2026-06-03','2026-06-03','approved','2026-06-16 09:47:11'),('a7b60716-5d7b-4e4d-836c-e5d4c5403630','11af653f-2496-4f22-b3d9-c4955399a1b2','0be27e37-5f6b-4bb8-b8e5-452552d9b68d','Annual','2026-05-12','2026-05-12','approved','2026-06-16 09:47:11'),('a94cd602-f19a-4904-b3f2-023d9b803cf1','11af653f-2496-4f22-b3d9-c4955399a1b2','1f24012e-be87-46b4-8b93-b5ab618301ac','Annual','2026-06-30','2026-06-30','approved','2026-06-16 09:47:11'),('ab286e97-ce6b-4708-9dcc-3bbe36635174','11af653f-2496-4f22-b3d9-c4955399a1b2','04cfc96d-b64e-42b3-aff9-17350040c040','Sick','2026-06-04','2026-06-04','approved','2026-06-16 09:47:11'),('b22c27e9-7f30-4b9b-8fbf-ab8d3c8aa313','11af653f-2496-4f22-b3d9-c4955399a1b2','db58c449-a519-412f-b7e5-65fbd13683fc','Annual','2026-06-05','2026-06-05','approved','2026-06-16 09:47:11'),('b3e85cb4-f76f-4f0f-a34a-8861bb667cc6','11af653f-2496-4f22-b3d9-c4955399a1b2','9d5bf750-8fa8-4f35-b606-b670bf130bd7','Sick','2026-04-20','2026-04-20','approved','2026-06-16 09:47:11'),('c406c9ed-4dae-4a77-88b5-807f2b3247cc','11af653f-2496-4f22-b3d9-c4955399a1b2','31f3ff82-d4ad-4716-9003-276246fbdace','Annual','2026-05-13','2026-05-13','approved','2026-06-16 09:47:11'),('c485f328-74b8-46a0-8ba3-986643d7e0e9','11af653f-2496-4f22-b3d9-c4955399a1b2','04cfc96d-b64e-42b3-aff9-17350040c040','Annual','2026-06-16','2026-06-16','approved','2026-06-16 09:47:11'),('c6a8813f-3117-4798-bbdc-03ca253c49ae','11af653f-2496-4f22-b3d9-c4955399a1b2','04cfc96d-b64e-42b3-aff9-17350040c040','Sick','2026-04-20','2026-04-20','approved','2026-06-16 09:47:11'),('c9ca76ee-e0b3-4fde-be90-b1e1e909b96d','11af653f-2496-4f22-b3d9-c4955399a1b2','9d5bf750-8fa8-4f35-b606-b670bf130bd7','Annual','2026-05-25','2026-05-25','approved','2026-06-16 09:47:11'),('ca4c8ef7-9c56-4747-bf80-787316ab4c40','11af653f-2496-4f22-b3d9-c4955399a1b2','0dd53ca4-7dbc-4d4b-8280-236cde286c07','Annual','2026-04-20','2026-04-20','approved','2026-06-16 09:47:11'),('ce580c17-5d01-492c-8d9c-694cc7377889','11af653f-2496-4f22-b3d9-c4955399a1b2','04cfc96d-b64e-42b3-aff9-17350040c040','Sick','2026-04-07','2026-04-07','approved','2026-06-16 09:47:11'),('d06535bc-30cc-4fd2-925e-ace6f5dfb292','11af653f-2496-4f22-b3d9-c4955399a1b2','31f3ff82-d4ad-4716-9003-276246fbdace','Sick','2026-05-15','2026-05-15','approved','2026-06-16 09:47:11'),('d0e2f7e2-ea22-4671-8b4a-106f177b334d','11af653f-2496-4f22-b3d9-c4955399a1b2','31f3ff82-d4ad-4716-9003-276246fbdace','Sick','2026-05-06','2026-05-06','approved','2026-06-16 09:47:11'),('d2355e9a-efad-45b2-a768-7e5b3899ce4d','11af653f-2496-4f22-b3d9-c4955399a1b2','1f24012e-be87-46b4-8b93-b5ab618301ac','Annual','2026-04-16','2026-04-16','approved','2026-06-16 09:47:11'),('d80dc9b7-053e-49f9-a819-889e7c4b5b69','11af653f-2496-4f22-b3d9-c4955399a1b2','04cfc96d-b64e-42b3-aff9-17350040c040','Annual','2026-04-10','2026-04-10','approved','2026-06-16 09:47:11'),('e6fa49f4-b2f0-4f0a-8198-8729562b0b32','11af653f-2496-4f22-b3d9-c4955399a1b2','1f24012e-be87-46b4-8b93-b5ab618301ac','Annual','2026-04-17','2026-04-17','approved','2026-06-16 09:47:11'),('e7bfcf43-9de8-4c35-bdf9-403afd947798','11af653f-2496-4f22-b3d9-c4955399a1b2','db58c449-a519-412f-b7e5-65fbd13683fc','Sick','2026-06-04','2026-06-04','approved','2026-06-16 09:47:11'),('f3c27edf-7055-4d2c-9d24-1602891069e5','11af653f-2496-4f22-b3d9-c4955399a1b2','31f3ff82-d4ad-4716-9003-276246fbdace','Sick','2026-06-25','2026-06-25','approved','2026-06-16 09:47:11'),('f5576cda-09a2-4f63-bc3d-4f328946add5','11af653f-2496-4f22-b3d9-c4955399a1b2','0dd53ca4-7dbc-4d4b-8280-236cde286c07','Sick','2026-06-11','2026-06-11','approved','2026-06-16 09:47:11');
/*!40000 ALTER TABLE `leaves` ENABLE KEYS */;
UNLOCK TABLES;

--
-- Table structure for table `otp_verifications`
--

DROP TABLE IF EXISTS `otp_verifications`;
/*!40101 SET @saved_cs_client     = @@character_set_client */;
/*!50503 SET character_set_client = utf8mb4 */;
CREATE TABLE `otp_verifications` (
  `id` int NOT NULL AUTO_INCREMENT,
  `phone` varchar(50) NOT NULL,
  `otp` varchar(6) NOT NULL,
  `purpose` varchar(20) DEFAULT 'registration',
  `expires_at` datetime NOT NULL,
  `verified` tinyint(1) DEFAULT '0',
  `created_at` timestamp NULL DEFAULT CURRENT_TIMESTAMP,
  PRIMARY KEY (`id`),
  KEY `idx_phone_purpose` (`phone`,`purpose`)
) ENGINE=InnoDB AUTO_INCREMENT=12 DEFAULT CHARSET=utf8mb4 COLLATE=utf8mb4_0900_ai_ci;
/*!40101 SET character_set_client = @saved_cs_client */;

--
-- Dumping data for table `otp_verifications`
--

LOCK TABLES `otp_verifications` WRITE;
/*!40000 ALTER TABLE `otp_verifications` DISABLE KEYS */;
INSERT INTO `otp_verifications` VALUES (3,'7838087855','288811','registration','2026-06-19 13:38:05',0,'2026-06-19 10:33:05'),(10,'+96560352841','280487','registration','2026-06-19 14:05:50',1,'2026-06-19 11:00:50');
/*!40000 ALTER TABLE `otp_verifications` ENABLE KEYS */;
UNLOCK TABLES;

--
-- Table structure for table `payroll`
--

DROP TABLE IF EXISTS `payroll`;
/*!40101 SET @saved_cs_client     = @@character_set_client */;
/*!50503 SET character_set_client = utf8mb4 */;
CREATE TABLE `payroll` (
  `id` varchar(36) NOT NULL,
  `tenant_id` varchar(36) NOT NULL,
  `employee_id` varchar(36) NOT NULL,
  `pay_period_start` date NOT NULL,
  `pay_period_end` date NOT NULL,
  `hourly_rate` int NOT NULL DEFAULT '0',
  `total_hours_worked` decimal(10,2) NOT NULL DEFAULT '0.00',
  `standard_hours` int NOT NULL DEFAULT '0',
  `gross_salary` int NOT NULL,
  `deductions` int NOT NULL,
  `advance_deduction` int NOT NULL DEFAULT '0' COMMENT 'in cents',
  `net_salary` int NOT NULL,
  `status` enum('draft','approved','paid') DEFAULT 'draft',
  `created_at` timestamp NULL DEFAULT CURRENT_TIMESTAMP,
  PRIMARY KEY (`id`),
  UNIQUE KEY `tenant_emp_period_unique` (`tenant_id`,`employee_id`,`pay_period_start`,`pay_period_end`),
  KEY `employee_id` (`employee_id`),
  CONSTRAINT `payroll_ibfk_1` FOREIGN KEY (`tenant_id`) REFERENCES `tenants` (`id`) ON DELETE CASCADE,
  CONSTRAINT `payroll_ibfk_2` FOREIGN KEY (`employee_id`) REFERENCES `employees` (`id`) ON DELETE CASCADE
) ENGINE=InnoDB DEFAULT CHARSET=utf8mb4 COLLATE=utf8mb4_0900_ai_ci;
/*!40101 SET character_set_client = @saved_cs_client */;

--
-- Dumping data for table `payroll`
--

LOCK TABLES `payroll` WRITE;
/*!40000 ALTER TABLE `payroll` DISABLE KEYS */;
INSERT INTO `payroll` VALUES ('19a767ef-a28b-4c8f-9605-5e80eb477a6b','518d9500-0662-4960-89da-5e953148cbf8','e0315d9a-b305-406b-bfeb-a7ac9504c4c9','2026-06-01','2026-06-30',0,0.00,0,14200,0,0,14200,'draft','2026-06-14 14:39:31'),('2dabccfa-5a4a-4f22-be00-81ec6cc4f55e','518d9500-0662-4960-89da-5e953148cbf8','b8080bb3-d75e-4e64-9727-4f6b6eb98ee4','2026-06-01','2026-06-30',0,0.00,0,123400,0,0,123400,'draft','2026-06-14 14:39:31'),('4eef53f4-6119-465a-ab38-3044b8a4e02d','11af653f-2496-4f22-b3d9-c4955399a1b2','31f3ff82-d4ad-4716-9003-276246fbdace','2026-05-01','2026-05-30',4892,141.00,168,689772,0,0,689772,'draft','2026-06-16 09:42:06'),('632cbeb5-764a-4da4-b5bc-1c4f47de9286','11af653f-2496-4f22-b3d9-c4955399a1b2','db58c449-a519-412f-b7e5-65fbd13683fc','2026-05-01','2026-05-30',7888,138.00,168,1088544,63104,0,1025440,'draft','2026-06-16 09:42:06'),('65145923-e2cb-486f-8707-16f346965e9a','11af653f-2496-4f22-b3d9-c4955399a1b2','1f24012e-be87-46b4-8b93-b5ab618301ac','2026-05-01','2026-05-30',10444,162.00,168,1691928,0,0,1691928,'draft','2026-06-16 09:42:06'),('95b4e8d7-7a39-4243-8873-6e1aba1fff9b','11af653f-2496-4f22-b3d9-c4955399a1b2','9d5bf750-8fa8-4f35-b606-b670bf130bd7','2026-05-01','2026-05-30',13925,111.00,168,1545675,334200,0,1211475,'draft','2026-06-16 09:42:06'),('c7321961-85ab-4081-bc87-1e8bc73bd73e','11af653f-2496-4f22-b3d9-c4955399a1b2','04cfc96d-b64e-42b3-aff9-17350040c040','2026-05-01','2026-05-30',3332,131.00,168,436492,106624,0,329868,'draft','2026-06-16 09:42:06'),('dd197674-d386-49f9-9a21-92c879247341','11af653f-2496-4f22-b3d9-c4955399a1b2','0be27e37-5f6b-4bb8-b8e5-452552d9b68d','2026-05-01','2026-05-30',9466,126.00,168,1192716,75728,0,1116988,'draft','2026-06-16 09:42:06'),('dd91cd19-361d-4852-b1ba-4fb8d46c13a9','11af653f-2496-4f22-b3d9-c4955399a1b2','0dd53ca4-7dbc-4d4b-8280-236cde286c07','2026-05-01','2026-05-30',6167,134.00,168,826378,49336,0,777042,'draft','2026-06-16 09:42:06');
/*!40000 ALTER TABLE `payroll` ENABLE KEYS */;
UNLOCK TABLES;

--
-- Table structure for table `purchase_order_items`
--

DROP TABLE IF EXISTS `purchase_order_items`;
/*!40101 SET @saved_cs_client     = @@character_set_client */;
/*!50503 SET character_set_client = utf8mb4 */;
CREATE TABLE `purchase_order_items` (
  `id` varchar(36) NOT NULL,
  `purchase_order_id` varchar(36) NOT NULL,
  `description` varchar(500) NOT NULL,
  `quantity` decimal(10,2) NOT NULL DEFAULT '1.00',
  `unit_price` int NOT NULL DEFAULT '0',
  `total_price` int NOT NULL DEFAULT '0',
  PRIMARY KEY (`id`),
  KEY `purchase_order_id` (`purchase_order_id`),
  CONSTRAINT `purchase_order_items_ibfk_1` FOREIGN KEY (`purchase_order_id`) REFERENCES `purchase_orders` (`id`) ON DELETE CASCADE
) ENGINE=InnoDB DEFAULT CHARSET=utf8mb4 COLLATE=utf8mb4_0900_ai_ci;
/*!40101 SET character_set_client = @saved_cs_client */;

--
-- Dumping data for table `purchase_order_items`
--

LOCK TABLES `purchase_order_items` WRITE;
/*!40000 ALTER TABLE `purchase_order_items` DISABLE KEYS */;
INSERT INTO `purchase_order_items` VALUES ('099226f1-81f1-41f9-a71f-06de7aca34fe','0aa63a73-ed7b-4b15-b4f7-9e1dd32078d4','Electric Tiller Blades (set)',4.00,350000,1400000),('0fb3b298-2e7f-4b10-bcc5-9f6658c8aeb1','32c3d97e-2fde-401e-ba65-5cf566525f79','Seedling Trays (100-cell)',100.00,0,0),('12d76be2-0aae-4d12-bc48-0297f9fbc361','b2863738-5919-4f64-ac6f-634372e0ea79','Nitrogenous Fertilizer (25kg)',40.00,0,0),('254e97ef-6868-4639-9074-37f53cb0ac71','fe2b1c8d-7e64-4e9c-b9af-0957426a0b5b','Drip Irrigation Kit (1 acre)',5.00,0,0),('45ade446-a2a7-47ef-becf-7082c383c2d7','0aa63a73-ed7b-4b15-b4f7-9e1dd32078d4','Compost Bin (300L)',10.00,280000,2800000),('71d15071-8463-4822-84c5-f7564c49a308','0aa63a73-ed7b-4b15-b4f7-9e1dd32078d4','Watering Can (10L)',25.00,3500,87500),('898c1272-8037-4922-8a42-bcfe41dfac7b','b2863738-5919-4f64-ac6f-634372e0ea79','Gardening Gloves (pair)',100.00,0,0),('a0108c1e-428c-449b-9543-1e9ad9bc2d92','b2863738-5919-4f64-ac6f-634372e0ea79','pH Testing Kit',15.00,0,0),('bfbe2b41-ca48-4c27-bd41-2192acfe31a7','b2863738-5919-4f64-ac6f-634372e0ea79','Pesticide Sprayer (16L)',8.00,0,0),('d2ed4781-0639-43d6-a94f-8f4be1b45362','32c3d97e-2fde-401e-ba65-5cf566525f79','Coco Peat Block (5kg)',50.00,0,0),('dd82937e-f50a-4e66-a58e-44ca443c0d9e','2fde6963-6c96-4adc-a390-a12e609aca6f','dddd',1.00,23,23),('e9b7c2db-4e76-42fd-b915-dfb46033c57b','fe2b1c8d-7e64-4e9c-b9af-0957426a0b5b','Garden Pruning Shears',30.00,0,0),('eb514bc6-9dcd-480f-8fee-24693456e6ce','fe2b1c8d-7e64-4e9c-b9af-0957426a0b5b','Organic Fertilizer (50kg bag)',20.00,0,0);
/*!40000 ALTER TABLE `purchase_order_items` ENABLE KEYS */;
UNLOCK TABLES;

--
-- Table structure for table `purchase_orders`
--

DROP TABLE IF EXISTS `purchase_orders`;
/*!40101 SET @saved_cs_client     = @@character_set_client */;
/*!50503 SET character_set_client = utf8mb4 */;
CREATE TABLE `purchase_orders` (
  `id` varchar(36) NOT NULL,
  `tenant_id` varchar(36) NOT NULL,
  `po_number` varchar(50) NOT NULL,
  `supplier_id` varchar(36) NOT NULL,
  `order_date` date NOT NULL,
  `expected_date` date DEFAULT NULL,
  `status` enum('draft','sent','approved','received','cancelled') DEFAULT 'draft',
  `subtotal` int NOT NULL DEFAULT '0',
  `tax_amount` int NOT NULL DEFAULT '0',
  `total_amount` int NOT NULL DEFAULT '0',
  `notes` text,
  `created_at` timestamp NULL DEFAULT CURRENT_TIMESTAMP,
  `updated_at` timestamp NULL DEFAULT CURRENT_TIMESTAMP ON UPDATE CURRENT_TIMESTAMP,
  PRIMARY KEY (`id`),
  UNIQUE KEY `uq_po_number` (`tenant_id`,`po_number`),
  KEY `supplier_id` (`supplier_id`),
  CONSTRAINT `purchase_orders_ibfk_1` FOREIGN KEY (`tenant_id`) REFERENCES `tenants` (`id`) ON DELETE CASCADE,
  CONSTRAINT `purchase_orders_ibfk_2` FOREIGN KEY (`supplier_id`) REFERENCES `suppliers` (`id`) ON DELETE CASCADE
) ENGINE=InnoDB DEFAULT CHARSET=utf8mb4 COLLATE=utf8mb4_0900_ai_ci;
/*!40101 SET character_set_client = @saved_cs_client */;

--
-- Dumping data for table `purchase_orders`
--

LOCK TABLES `purchase_orders` WRITE;
/*!40000 ALTER TABLE `purchase_orders` DISABLE KEYS */;
INSERT INTO `purchase_orders` VALUES ('0aa63a73-ed7b-4b15-b4f7-9e1dd32078d4','11af653f-2496-4f22-b3d9-c4955399a1b2','PO-0005','be5db75d-904b-4c1a-83f7-28589c8d99fc','2026-08-13','2026-08-27','sent',4287500,771750,5059250,'Seed PO #5','2026-06-16 10:38:11','2026-06-16 10:38:11'),('2fde6963-6c96-4adc-a390-a12e609aca6f','11af653f-2496-4f22-b3d9-c4955399a1b2','PO-0006','be5db75d-904b-4c1a-83f7-28589c8d99fc','2026-06-17','2026-06-18','draft',23,4,27,NULL,'2026-06-16 19:27:40','2026-06-16 19:27:40'),('32c3d97e-2fde-401e-ba65-5cf566525f79','11af653f-2496-4f22-b3d9-c4955399a1b2','PO-0002','61d70ed1-1079-4672-8c70-ec0e2f8984e8','2026-05-01','2026-05-15','draft',0,0,0,'Seed PO #2','2026-06-16 10:38:11','2026-06-16 11:40:48'),('b2863738-5919-4f64-ac6f-634372e0ea79','11af653f-2496-4f22-b3d9-c4955399a1b2','PO-0003','c17e6e29-17fc-47dd-8f92-582ec6dfa383','2026-06-04','2026-06-18','draft',0,0,0,'Seed PO #3','2026-06-16 10:38:11','2026-06-16 20:19:39'),('fe2b1c8d-7e64-4e9c-b9af-0957426a0b5b','11af653f-2496-4f22-b3d9-c4955399a1b2','PO-0001','50ab4ac6-2649-4882-9859-27f4252f0335','2026-03-29','2026-04-12','draft',0,0,0,'Seed PO #1','2026-06-16 10:38:11','2026-06-16 19:46:05');
/*!40000 ALTER TABLE `purchase_orders` ENABLE KEYS */;
UNLOCK TABLES;

--
-- Table structure for table `super_admins`
--

DROP TABLE IF EXISTS `super_admins`;
/*!40101 SET @saved_cs_client     = @@character_set_client */;
/*!50503 SET character_set_client = utf8mb4 */;
CREATE TABLE `super_admins` (
  `id` varchar(36) NOT NULL,
  `email` varchar(255) NOT NULL,
  `password_hash` varchar(255) NOT NULL,
  `name` varchar(200) NOT NULL,
  `created_at` timestamp NULL DEFAULT CURRENT_TIMESTAMP,
  `updated_at` timestamp NULL DEFAULT CURRENT_TIMESTAMP ON UPDATE CURRENT_TIMESTAMP,
  PRIMARY KEY (`id`),
  UNIQUE KEY `email` (`email`)
) ENGINE=InnoDB DEFAULT CHARSET=utf8mb4 COLLATE=utf8mb4_0900_ai_ci;
/*!40101 SET character_set_client = @saved_cs_client */;

--
-- Dumping data for table `super_admins`
--

LOCK TABLES `super_admins` WRITE;
/*!40000 ALTER TABLE `super_admins` DISABLE KEYS */;
INSERT INTO `super_admins` VALUES ('4aa888bd-93ed-44fd-8054-84aff24247a8','mohd_rashid_123@yahoo.com','$2b$10$2cIP5n1mjbYCGdEkbpJtjOaxD2hY4dqskNa8uJP4CTgZPucRlj/Ay','Mohammad Rashid','2026-06-16 06:53:55','2026-06-16 06:53:55');
/*!40000 ALTER TABLE `super_admins` ENABLE KEYS */;
UNLOCK TABLES;

--
-- Table structure for table `suppliers`
--

DROP TABLE IF EXISTS `suppliers`;
/*!40101 SET @saved_cs_client     = @@character_set_client */;
/*!50503 SET character_set_client = utf8mb4 */;
CREATE TABLE `suppliers` (
  `id` varchar(36) NOT NULL,
  `tenant_id` varchar(36) NOT NULL,
  `name` varchar(255) NOT NULL,
  `contact_person` varchar(255) DEFAULT NULL,
  `email` varchar(255) DEFAULT NULL,
  `phone` varchar(50) DEFAULT NULL,
  `address` text,
  `city` varchar(100) DEFAULT NULL,
  `state` varchar(100) DEFAULT NULL,
  `pincode` varchar(20) DEFAULT NULL,
  `gstin` varchar(50) DEFAULT NULL,
  `payment_terms` varchar(100) DEFAULT NULL,
  `status` enum('active','inactive') DEFAULT 'active',
  `notes` text,
  `created_at` timestamp NULL DEFAULT CURRENT_TIMESTAMP,
  `updated_at` timestamp NULL DEFAULT CURRENT_TIMESTAMP ON UPDATE CURRENT_TIMESTAMP,
  PRIMARY KEY (`id`),
  KEY `tenant_id` (`tenant_id`),
  CONSTRAINT `suppliers_ibfk_1` FOREIGN KEY (`tenant_id`) REFERENCES `tenants` (`id`) ON DELETE CASCADE
) ENGINE=InnoDB DEFAULT CHARSET=utf8mb4 COLLATE=utf8mb4_0900_ai_ci;
/*!40101 SET character_set_client = @saved_cs_client */;

--
-- Dumping data for table `suppliers`
--

LOCK TABLES `suppliers` WRITE;
/*!40000 ALTER TABLE `suppliers` DISABLE KEYS */;
INSERT INTO `suppliers` VALUES ('50ab4ac6-2649-4882-9859-27f4252f0335','11af653f-2496-4f22-b3d9-c4955399a1b2','IrrigationTech Pvt Ltd','Sneha Deshmukh','sneha@irrigationtech.in','+91-9876543213','7th Floor, Green Tower','Mumbai','Maharashtra','400001','27AABCU3456G1WV','Net 60','active',NULL,'2026-06-16 10:16:14','2026-06-16 10:16:14'),('61d70ed1-1079-4672-8c70-ec0e2f8984e8','11af653f-2496-4f22-b3d9-c4955399a1b2','Organic Fertilizers Ltd','Amit Joshi','amit@orgferts.in','+91-9876543214','Plot 88, SEZ','Surat','Gujarat','395001','24AABCU7890H1VU','Net 30','active',NULL,'2026-06-16 10:16:14','2026-06-16 10:16:14'),('6657e37c-1f9f-4e11-9d66-edd3cc94d350','11af653f-2496-4f22-b3d9-c4955399a1b2','ColdChain Logistics','Rajesh Kumar','rajesh@coldchain.in','+91-9876543216','Warehouse 4, Transport Nagar','Bengaluru','Karnataka','560001','29AABCU5678J1TS','Net 30','inactive',NULL,'2026-06-16 10:16:14','2026-06-16 19:16:30'),('be5db75d-904b-4c1a-83f7-28589c8d99fc','11af653f-2496-4f22-b3d9-c4955399a1b2','GreenField Seeds','Priya Patel','priya@greenfieldseeds.in','+91-9876543211','Block C, Sector 12','Nashik','Maharashtra','422001','27AABCU5678E1ZW','Net 45','active',NULL,'2026-06-16 10:16:14','2026-06-16 10:16:14'),('c17e6e29-17fc-47dd-8f92-582ec6dfa383','11af653f-2496-4f22-b3d9-c4955399a1b2','EcoGrow Supplies','Rahul Sharma','rahul@ecogrow.in','+91-9876543210','42, Industrial Area','Pune','Maharashtra','411001','27AABCU1234D1ZV','Net 30','active',NULL,'2026-06-16 10:16:14','2026-06-16 10:16:14'),('e056d6b6-815d-4328-ae7e-8bd3edd55df6','11af653f-2496-4f22-b3d9-c4955399a1b2','Natural Pest Control Co.','Vikram Singh','vikram@npc.in','+91-9876543212','15, MIDC Road','Nagpur','Maharashtra','440010','27AABCU9012F1YX','Net 30','active',NULL,'2026-06-16 10:16:14','2026-06-16 10:16:14'),('e53a1608-b363-47ec-8b68-17817c149901','11af653f-2496-4f22-b3d9-c4955399a1b2','HarvestPack Packaging','Neha Gupta','neha@harvestpack.in','+91-9876543215','56, Industrial Estate','Ludhiana','Punjab','141001','03AABCU1234I1UT','Net 45','active',NULL,'2026-06-16 10:16:14','2026-06-16 10:16:14');
/*!40000 ALTER TABLE `suppliers` ENABLE KEYS */;
UNLOCK TABLES;

--
-- Table structure for table `system_settings`
--

DROP TABLE IF EXISTS `system_settings`;
/*!40101 SET @saved_cs_client     = @@character_set_client */;
/*!50503 SET character_set_client = utf8mb4 */;
CREATE TABLE `system_settings` (
  `id` int NOT NULL DEFAULT '1',
  `default_country_code` varchar(10) NOT NULL DEFAULT '+965',
  `updated_at` timestamp NULL DEFAULT CURRENT_TIMESTAMP ON UPDATE CURRENT_TIMESTAMP,
  PRIMARY KEY (`id`),
  CONSTRAINT `single_row` CHECK ((`id` = 1))
) ENGINE=InnoDB DEFAULT CHARSET=utf8mb4 COLLATE=utf8mb4_0900_ai_ci;
/*!40101 SET character_set_client = @saved_cs_client */;

--
-- Dumping data for table `system_settings`
--

LOCK TABLES `system_settings` WRITE;
/*!40000 ALTER TABLE `system_settings` DISABLE KEYS */;
INSERT INTO `system_settings` VALUES (1,'+965','2026-06-19 10:40:41');
/*!40000 ALTER TABLE `system_settings` ENABLE KEYS */;
UNLOCK TABLES;

--
-- Table structure for table `tenants`
--

DROP TABLE IF EXISTS `tenants`;
/*!40101 SET @saved_cs_client     = @@character_set_client */;
/*!50503 SET character_set_client = utf8mb4 */;
CREATE TABLE `tenants` (
  `id` varchar(36) NOT NULL,
  `company_name` varchar(255) NOT NULL,
  `settings` json DEFAULT NULL,
  `subdomain` varchar(100) NOT NULL,
  `subscription_plan` varchar(20) DEFAULT 'free',
  `phone` varchar(50) DEFAULT NULL,
  `status` enum('active','suspended') DEFAULT 'active',
  `created_at` timestamp NULL DEFAULT CURRENT_TIMESTAMP,
  PRIMARY KEY (`id`),
  UNIQUE KEY `subdomain` (`subdomain`)
) ENGINE=InnoDB DEFAULT CHARSET=utf8mb4 COLLATE=utf8mb4_0900_ai_ci;
/*!40101 SET character_set_client = @saved_cs_client */;

--
-- Dumping data for table `tenants`
--

LOCK TABLES `tenants` WRITE;
/*!40000 ALTER TABLE `tenants` DISABLE KEYS */;
INSERT INTO `tenants` VALUES ('11af653f-2496-4f22-b3d9-c4955399a1b2','GreenLeaf Enterprises','{\"taxRate\": 12, \"weekendDays\": [5], \"primaryColor\": \"#3b60ab\"}','greenleaf','free','+917838087855','active','2026-06-16 07:18:21'),('13b83f62-079c-4106-a8f4-9fa0a2a0340f','GoldenGate Logistics','{\"primaryColor\": \"#d97706\"}','goldengate','free',NULL,'active','2026-06-16 07:18:21'),('20ba01c9-0857-4146-91ad-2151c9f14db3','Vijayeta Brushware','{\"weekendDays\": [0], \"primaryColor\": \"#394b65\"}','vijayeta-brushware','free',NULL,'active','2026-06-16 15:02:06'),('36778fcd-2e9f-4583-a710-b309ba659bd8','Sherkotii','{\"primaryColor\": \"#52e548\"}','sherkoti','free',NULL,'active','2026-06-16 07:38:23'),('518d9500-0662-4960-89da-5e953148cbf8','RV Tools','{\"primaryColor\": \"#385999\"}','rvt','free',NULL,'active','2026-06-14 13:15:04'),('92f045f8-8c33-4abf-9579-4dbe54c0266c','SilverLining Health','{\"primaryColor\": \"#7c3aed\"}','silverlining','free',NULL,'active','2026-06-16 07:18:21'),('999df78a-d11f-43dc-ae13-080abf8babcd','BlueOcean Retail','{\"primaryColor\": \"#0891b2\"}','blueocean','free',NULL,'active','2026-06-16 07:18:21'),('a7f9909e-9f80-4272-8a0f-0b339763f092','TechCorp Solutions','{\"primaryColor\": \"#2563eb\"}','techcorp','free',NULL,'active','2026-06-16 07:18:20'),('ff46ec23-b637-4981-b6ce-5980c82cd012','Twig','{\"taxRate\": 18, \"weekendDays\": [0], \"hiddenGroups\": {\"My Business\": false, \"My Ledger Book\": false}, \"primaryColor\": \"#3eafcc\", \"advanceDeductionPct\": 10}','tde22dbc7','enterprise','+96560352841','active','2026-06-19 11:01:11');
/*!40000 ALTER TABLE `tenants` ENABLE KEYS */;
UNLOCK TABLES;
SET @@SESSION.SQL_LOG_BIN = @MYSQLDUMP_TEMP_LOG_BIN;
/*!40103 SET TIME_ZONE=@OLD_TIME_ZONE */;

/*!40101 SET SQL_MODE=@OLD_SQL_MODE */;
/*!40014 SET FOREIGN_KEY_CHECKS=@OLD_FOREIGN_KEY_CHECKS */;
/*!40014 SET UNIQUE_CHECKS=@OLD_UNIQUE_CHECKS */;
/*!40101 SET CHARACTER_SET_CLIENT=@OLD_CHARACTER_SET_CLIENT */;
/*!40101 SET CHARACTER_SET_RESULTS=@OLD_CHARACTER_SET_RESULTS */;
/*!40101 SET COLLATION_CONNECTION=@OLD_COLLATION_CONNECTION */;
/*!40111 SET SQL_NOTES=@OLD_SQL_NOTES */;

-- Dump completed on 2026-06-19 15:27:27
